src,dst,rel,label,edge_semantic,edge_reason
0,1502,drug_disease,2,negative,direct:mechanism
1,39,drug_disease,2,negative,direct:mechanism
2,605,drug_disease,2,negative,direct:mechanism
2,1503,drug_disease,2,negative,direct:mechanism
2,315,drug_disease,2,negative,direct:mechanism
3,1503,drug_disease,2,negative,direct:mechanism
4,605,drug_disease,2,negative,direct:mechanism
4,1504,drug_disease,2,negative,direct:mechanism
5,1503,drug_disease,2,negative,direct:mechanism
6,605,drug_disease,2,negative,direct:mechanism
6,1355,drug_disease,2,negative,direct:mechanism
6,1505,drug_disease,2,negative,direct:mechanism
7,1504,drug_disease,2,negative,direct:mechanism
8,1506,drug_disease,2,negative,direct:mechanism
9,1507,drug_disease,2,negative,direct:mechanism
10,1355,drug_disease,2,negative,direct:mechanism
11,605,drug_disease,2,negative,direct:mechanism
11,1355,drug_disease,2,negative,direct:mechanism
12,1508,drug_disease,2,negative,direct:mechanism
12,315,drug_disease,2,negative,direct:mechanism
13,1509,drug_disease,2,negative,direct:mechanism
14,1355,drug_disease,2,negative,direct:mechanism
15,1509,drug_disease,2,negative,direct:mechanism
16,1355,drug_disease,2,negative,direct:mechanism
17,1510,drug_disease,2,negative,direct:mechanism
18,1355,drug_disease,2,negative,direct:mechanism
19,1355,drug_disease,2,negative,direct:mechanism
20,605,drug_disease,2,negative,direct:mechanism
20,1355,drug_disease,2,negative,direct:mechanism
20,1504,drug_disease,2,negative,direct:mechanism
21,1355,drug_disease,2,negative,direct:mechanism
22,1504,drug_disease,2,negative,direct:mechanism
23,1355,drug_disease,2,negative,direct:mechanism
24,1511,drug_disease,1,positive,direct:therapeutic
24,1512,drug_disease,1,positive,direct:therapeutic
25,1513,drug_disease,1,positive,direct:therapeutic
26,1514,drug_disease,1,positive,direct:therapeutic
26,1515,drug_disease,1,positive,direct:therapeutic
27,1515,drug_disease,1,positive,direct:therapeutic
28,38,drug_disease,1,positive,direct:therapeutic
28,1516,drug_disease,1,positive,direct:therapeutic
28,1517,drug_disease,1,positive,direct:therapeutic
28,1518,drug_disease,1,positive,direct:therapeutic
29,1519,drug_disease,1,positive,direct:therapeutic
29,1520,drug_disease,1,positive,direct:therapeutic
29,1521,drug_disease,1,positive,direct:therapeutic
29,1522,drug_disease,1,positive,direct:therapeutic
29,1523,drug_disease,1,positive,direct:therapeutic
30,1504,drug_disease,1,positive,direct:therapeutic
30,1524,drug_disease,1,positive,direct:therapeutic
31,1525,drug_disease,1,positive,direct:therapeutic
32,1526,drug_disease,1,positive,direct:therapeutic
32,1527,drug_disease,1,positive,direct:therapeutic
33,1521,drug_disease,1,positive,direct:therapeutic
33,1506,drug_disease,1,positive,direct:therapeutic
33,1528,drug_disease,1,positive,direct:therapeutic
34,1529,drug_disease,1,positive,direct:therapeutic
34,1355,drug_disease,1,positive,direct:therapeutic
35,1530,drug_disease,1,positive,direct:therapeutic
34,1531,drug_disease,1,positive,direct:therapeutic
34,1532,drug_disease,1,positive,direct:therapeutic
34,1533,drug_disease,1,positive,direct:therapeutic
34,1534,drug_disease,1,positive,direct:therapeutic
34,1535,drug_disease,1,positive,direct:therapeutic
34,1536,drug_disease,1,positive,direct:therapeutic
34,1505,drug_disease,1,positive,direct:therapeutic
34,1537,drug_disease,1,positive,direct:therapeutic
34,1517,drug_disease,1,positive,direct:therapeutic
36,1532,drug_disease,1,positive,direct:therapeutic
36,1534,drug_disease,1,positive,direct:therapeutic
36,1538,drug_disease,1,positive,direct:therapeutic
36,1539,drug_disease,1,positive,direct:therapeutic
37,1540,drug_disease,1,positive,direct:therapeutic
38,1541,drug_disease,1,positive,direct:therapeutic
38,1542,drug_disease,1,positive,direct:therapeutic
38,1543,drug_disease,1,positive,direct:therapeutic
38,1544,drug_disease,1,positive,direct:therapeutic
38,1545,drug_disease,1,positive,direct:therapeutic
39,1521,drug_disease,1,positive,direct:therapeutic
39,1546,drug_disease,1,positive,direct:therapeutic
39,1547,drug_disease,1,positive,direct:therapeutic
40,1547,drug_disease,1,positive,direct:therapeutic
41,1544,drug_disease,1,positive,direct:therapeutic
42,1548,drug_disease,1,positive,direct:therapeutic
42,1549,drug_disease,1,positive,direct:therapeutic
42,1526,drug_disease,1,positive,direct:therapeutic
43,1514,drug_disease,1,positive,direct:therapeutic
43,1515,drug_disease,1,positive,direct:therapeutic
35,457,drug_disease,1,positive,direct:therapeutic
35,1550,drug_disease,1,positive,direct:therapeutic
35,1551,drug_disease,1,positive,direct:therapeutic
35,1541,drug_disease,1,positive,direct:therapeutic
35,1552,drug_disease,1,positive,direct:therapeutic
35,1553,drug_disease,1,positive,direct:therapeutic
35,1554,drug_disease,1,positive,direct:therapeutic
35,1516,drug_disease,1,positive,direct:therapeutic
35,1555,drug_disease,1,positive,direct:therapeutic
35,1517,drug_disease,1,positive,direct:therapeutic
44,1556,drug_disease,1,positive,direct:therapeutic
44,1553,drug_disease,1,positive,direct:therapeutic
44,1557,drug_disease,1,positive,direct:therapeutic
44,1558,drug_disease,1,positive,direct:therapeutic
44,1559,drug_disease,1,positive,direct:therapeutic
44,1560,drug_disease,1,positive,direct:therapeutic
45,1507,drug_disease,1,positive,direct:therapeutic
46,1548,drug_disease,1,positive,direct:therapeutic
47,1561,drug_disease,1,positive,direct:therapeutic
48,1549,drug_disease,1,positive,direct:therapeutic
48,1562,drug_disease,1,positive,direct:therapeutic
49,1563,drug_disease,1,positive,direct:therapeutic
50,41,drug_disease,1,positive,direct:therapeutic
50,887,drug_disease,1,positive,direct:therapeutic
50,1552,drug_disease,1,positive,direct:therapeutic
50,1564,drug_disease,1,positive,direct:therapeutic
50,1565,drug_disease,1,positive,direct:therapeutic
50,1513,drug_disease,1,positive,direct:therapeutic
50,1566,drug_disease,1,positive,direct:therapeutic
50,1567,drug_disease,1,positive,direct:therapeutic
51,1568,drug_disease,1,positive,direct:therapeutic
51,1569,drug_disease,1,positive,direct:therapeutic
51,1570,drug_disease,1,positive,direct:therapeutic
52,1529,drug_disease,1,positive,direct:therapeutic
53,1571,drug_disease,1,positive,direct:therapeutic
54,1572,drug_disease,1,positive,direct:therapeutic
54,1558,drug_disease,1,positive,direct:therapeutic
55,605,drug_disease,1,positive,direct:therapeutic
55,1573,drug_disease,1,positive,direct:therapeutic
55,202,drug_disease,1,positive,direct:therapeutic
55,1574,drug_disease,1,positive,direct:therapeutic
56,1575,drug_disease,1,positive,direct:therapeutic
56,1576,drug_disease,1,positive,direct:therapeutic
56,1577,drug_disease,1,positive,direct:therapeutic
56,1545,drug_disease,1,positive,direct:therapeutic
56,1578,drug_disease,1,positive,direct:therapeutic
57,1579,drug_disease,1,positive,direct:therapeutic
57,1558,drug_disease,1,positive,direct:therapeutic
57,1559,drug_disease,1,positive,direct:therapeutic
57,1580,drug_disease,1,positive,direct:therapeutic
58,1581,drug_disease,1,positive,direct:therapeutic
58,1582,drug_disease,1,positive,direct:therapeutic
59,600,drug_disease,1,positive,direct:therapeutic
60,1583,drug_disease,1,positive,direct:therapeutic
60,1558,drug_disease,1,positive,direct:therapeutic
60,1584,drug_disease,1,positive,direct:therapeutic
61,1545,drug_disease,1,positive,direct:therapeutic
62,1585,drug_disease,1,positive,direct:therapeutic
63,1519,drug_disease,1,positive,direct:therapeutic
63,1586,drug_disease,1,positive,direct:therapeutic
63,1587,drug_disease,1,positive,direct:therapeutic
63,1573,drug_disease,1,positive,direct:therapeutic
63,1533,drug_disease,1,positive,direct:therapeutic
64,1529,drug_disease,1,positive,direct:therapeutic
65,1588,drug_disease,1,positive,direct:therapeutic
66,1589,drug_disease,1,positive,direct:therapeutic
67,1590,drug_disease,1,positive,direct:therapeutic
68,1589,drug_disease,1,positive,direct:therapeutic
69,1591,drug_disease,1,positive,direct:therapeutic
69,1592,drug_disease,1,positive,direct:therapeutic
70,38,drug_disease,1,positive,direct:therapeutic
71,1514,drug_disease,1,positive,direct:therapeutic
72,1514,drug_disease,1,positive,direct:therapeutic
72,1593,drug_disease,1,positive,direct:therapeutic
72,1594,drug_disease,1,positive,direct:therapeutic
73,315,drug_disease,1,positive,direct:therapeutic
74,1595,drug_disease,1,positive,direct:therapeutic
75,39,drug_disease,1,positive,direct:therapeutic
76,1596,drug_disease,1,positive,direct:therapeutic
77,1519,drug_disease,1,positive,direct:therapeutic
78,1521,drug_disease,1,positive,direct:therapeutic
78,1594,drug_disease,1,positive,direct:therapeutic
79,1597,drug_disease,1,positive,direct:therapeutic
80,1507,drug_disease,1,positive,direct:therapeutic
81,1564,drug_disease,1,positive,direct:therapeutic
82,1544,drug_disease,1,positive,direct:therapeutic
82,1505,drug_disease,1,positive,direct:therapeutic
83,1527,drug_disease,1,positive,direct:therapeutic
84,1598,drug_disease,1,positive,direct:therapeutic
85,1599,drug_disease,1,positive,direct:therapeutic
2,1600,drug_disease,1,positive,direct:therapeutic
2,1601,drug_disease,1,positive,direct:therapeutic
2,1530,drug_disease,1,positive,direct:therapeutic
2,1602,drug_disease,1,positive,direct:therapeutic
2,897,drug_disease,1,positive,direct:therapeutic
2,1516,drug_disease,1,positive,direct:therapeutic
2,1603,drug_disease,1,positive,direct:therapeutic
2,1513,drug_disease,1,positive,direct:therapeutic
2,1604,drug_disease,1,positive,direct:therapeutic
2,1605,drug_disease,1,positive,direct:therapeutic
86,1606,drug_disease,1,positive,direct:therapeutic
4,1607,drug_disease,1,positive,direct:therapeutic
4,1608,drug_disease,1,positive,direct:therapeutic
6,1514,drug_disease,1,positive,direct:therapeutic
6,1545,drug_disease,1,positive,direct:therapeutic
87,1609,drug_disease,1,positive,direct:therapeutic
7,1610,drug_disease,1,positive,direct:therapeutic
7,1611,drug_disease,1,positive,direct:therapeutic
7,1586,drug_disease,1,positive,direct:therapeutic
7,1546,drug_disease,1,positive,direct:therapeutic
7,1506,drug_disease,1,positive,direct:therapeutic
7,1512,drug_disease,1,positive,direct:therapeutic
7,1612,drug_disease,1,positive,direct:therapeutic
7,1613,drug_disease,1,positive,direct:therapeutic
88,1614,drug_disease,1,positive,direct:therapeutic
88,1507,drug_disease,1,positive,direct:therapeutic
88,1547,drug_disease,1,positive,direct:therapeutic
88,1615,drug_disease,1,positive,direct:therapeutic
88,1616,drug_disease,1,positive,direct:therapeutic
88,1617,drug_disease,1,positive,direct:therapeutic
8,1618,drug_disease,1,positive,direct:therapeutic
8,1619,drug_disease,1,positive,direct:therapeutic
11,1620,drug_disease,1,positive,direct:therapeutic
12,1621,drug_disease,1,positive,direct:therapeutic
12,1575,drug_disease,1,positive,direct:therapeutic
12,1533,drug_disease,1,positive,direct:therapeutic
12,1622,drug_disease,1,positive,direct:therapeutic
89,1583,drug_disease,1,positive,direct:therapeutic
90,1623,drug_disease,1,positive,direct:therapeutic
90,1624,drug_disease,1,positive,direct:therapeutic
90,1571,drug_disease,1,positive,direct:therapeutic
91,1526,drug_disease,1,positive,direct:therapeutic
91,1625,drug_disease,1,positive,direct:therapeutic
92,1626,drug_disease,1,positive,direct:therapeutic
92,1610,drug_disease,1,positive,direct:therapeutic
92,1627,drug_disease,1,positive,direct:therapeutic
92,1628,drug_disease,1,positive,direct:therapeutic
92,1629,drug_disease,1,positive,direct:therapeutic
93,1630,drug_disease,1,positive,direct:therapeutic
93,217,drug_disease,1,positive,direct:therapeutic
93,1627,drug_disease,1,positive,direct:therapeutic
93,1535,drug_disease,1,positive,direct:therapeutic
94,1561,drug_disease,1,positive,direct:therapeutic
93,1517,drug_disease,1,positive,direct:therapeutic
18,1523,drug_disease,1,positive,direct:therapeutic
95,1558,drug_disease,1,positive,direct:therapeutic
95,1559,drug_disease,1,positive,direct:therapeutic
96,1631,drug_disease,1,positive,direct:therapeutic
96,1632,drug_disease,1,positive,direct:therapeutic
97,1633,drug_disease,1,positive,direct:therapeutic
98,1548,drug_disease,1,positive,direct:therapeutic
99,1634,drug_disease,1,positive,direct:therapeutic
100,1635,drug_disease,1,positive,direct:therapeutic
100,1546,drug_disease,1,positive,direct:therapeutic
100,1564,drug_disease,1,positive,direct:therapeutic
100,1523,drug_disease,1,positive,direct:therapeutic
100,1636,drug_disease,1,positive,direct:therapeutic
100,1637,drug_disease,1,positive,direct:therapeutic
24,1506,drug_disease,2,negative,direct:mechanism
25,1355,drug_disease,2,negative,direct:mechanism
25,1504,drug_disease,2,negative,direct:mechanism
25,1547,drug_disease,2,negative,direct:mechanism
26,1355,drug_disease,2,negative,direct:mechanism
101,1355,drug_disease,2,negative,direct:mechanism
101,1504,drug_disease,2,negative,direct:mechanism
102,1504,drug_disease,2,negative,direct:mechanism
103,1355,drug_disease,2,negative,direct:mechanism
103,1504,drug_disease,2,negative,direct:mechanism
104,1504,drug_disease,2,negative,direct:mechanism
105,1503,drug_disease,2,negative,direct:mechanism
106,1638,drug_disease,2,negative,direct:mechanism
28,1503,drug_disease,2,negative,direct:mechanism
28,1638,drug_disease,2,negative,direct:mechanism
29,1503,drug_disease,2,negative,direct:mechanism
30,1512,drug_disease,2,negative,direct:mechanism
107,1503,drug_disease,2,negative,direct:mechanism
108,1355,drug_disease,2,negative,direct:mechanism
109,1355,drug_disease,2,negative,direct:mechanism
110,1519,drug_disease,2,negative,direct:mechanism
111,1355,drug_disease,2,negative,direct:mechanism
112,315,drug_disease,2,negative,direct:mechanism
39,1504,drug_disease,2,negative,direct:mechanism
39,315,drug_disease,2,negative,direct:mechanism
113,1506,drug_disease,2,negative,direct:mechanism
114,374,drug_disease,2,negative,direct:mechanism
115,1503,drug_disease,2,negative,direct:mechanism
116,1503,drug_disease,2,negative,direct:mechanism
116,1505,drug_disease,2,negative,direct:mechanism
117,1503,drug_disease,2,negative,direct:mechanism
118,605,drug_disease,2,negative,direct:mechanism
118,1504,drug_disease,2,negative,direct:mechanism
44,1355,drug_disease,2,negative,direct:mechanism
44,1507,drug_disease,2,negative,direct:mechanism
119,1639,drug_disease,2,negative,direct:mechanism
120,605,drug_disease,2,negative,direct:mechanism
120,1504,drug_disease,2,negative,direct:mechanism
49,1547,drug_disease,2,negative,direct:mechanism
121,1640,drug_disease,2,negative,direct:mechanism
121,1641,drug_disease,2,negative,direct:mechanism
50,1355,drug_disease,2,negative,direct:mechanism
50,1504,drug_disease,2,negative,direct:mechanism
50,1503,drug_disease,2,negative,direct:mechanism
50,1638,drug_disease,2,negative,direct:mechanism
50,1557,drug_disease,2,negative,direct:mechanism
50,1505,drug_disease,2,negative,direct:mechanism
50,1512,drug_disease,2,negative,direct:mechanism
52,374,drug_disease,2,negative,direct:mechanism
53,1642,drug_disease,2,negative,direct:mechanism
53,1547,drug_disease,2,negative,direct:mechanism
122,1506,drug_disease,2,negative,direct:mechanism
54,1355,drug_disease,2,negative,direct:mechanism
54,1504,drug_disease,2,negative,direct:mechanism
123,1355,drug_disease,2,negative,direct:mechanism
124,1643,drug_disease,2,negative,direct:mechanism
125,605,drug_disease,2,negative,direct:mechanism
126,1644,drug_disease,2,negative,direct:mechanism
127,1355,drug_disease,2,negative,direct:mechanism
128,1638,drug_disease,2,negative,direct:mechanism
24,1355,drug_disease,2,negative,direct:mechanism
24,1504,drug_disease,2,negative,direct:mechanism
129,1355,drug_disease,2,negative,direct:mechanism
130,1355,drug_disease,2,negative,direct:mechanism
131,1355,drug_disease,2,negative,direct:mechanism
132,1505,drug_disease,2,negative,direct:mechanism
133,1505,drug_disease,2,negative,direct:mechanism
134,1519,drug_disease,2,negative,direct:mechanism
134,1505,drug_disease,2,negative,direct:mechanism
134,1506,drug_disease,2,negative,direct:mechanism
134,1547,drug_disease,2,negative,direct:mechanism
135,1505,drug_disease,2,negative,direct:mechanism
136,1505,drug_disease,2,negative,direct:mechanism
136,1547,drug_disease,2,negative,direct:mechanism
137,1505,drug_disease,2,negative,direct:mechanism
138,1355,drug_disease,2,negative,direct:mechanism
138,1645,drug_disease,2,negative,direct:mechanism
138,1503,drug_disease,2,negative,direct:mechanism
138,1638,drug_disease,2,negative,direct:mechanism
139,1646,drug_disease,2,negative,direct:mechanism
140,1646,drug_disease,2,negative,direct:mechanism
141,1638,drug_disease,2,negative,direct:mechanism
142,1355,drug_disease,2,negative,direct:mechanism
143,1506,drug_disease,2,negative,direct:mechanism
144,315,drug_disease,2,negative,direct:mechanism
145,1610,drug_disease,2,negative,direct:mechanism
145,1355,drug_disease,2,negative,direct:mechanism
145,1504,drug_disease,2,negative,direct:mechanism
145,1503,drug_disease,2,negative,direct:mechanism
145,1638,drug_disease,2,negative,direct:mechanism
145,1557,drug_disease,2,negative,direct:mechanism
145,1505,drug_disease,2,negative,direct:mechanism
145,1547,drug_disease,2,negative,direct:mechanism
146,39,drug_disease,2,negative,direct:mechanism
147,1557,drug_disease,2,negative,direct:mechanism
147,1547,drug_disease,2,negative,direct:mechanism
148,39,drug_disease,2,negative,direct:mechanism
149,39,drug_disease,2,negative,direct:mechanism
149,1504,drug_disease,2,negative,direct:mechanism
149,1557,drug_disease,2,negative,direct:mechanism
150,1503,drug_disease,2,negative,direct:mechanism
151,1355,drug_disease,2,negative,direct:mechanism
152,605,drug_disease,2,negative,direct:mechanism
153,39,drug_disease,2,negative,direct:mechanism
154,1355,drug_disease,2,negative,direct:mechanism
155,1355,drug_disease,2,negative,direct:mechanism
156,605,drug_disease,2,negative,direct:mechanism
156,1647,drug_disease,2,negative,direct:mechanism
157,1547,drug_disease,2,negative,direct:mechanism
158,1506,drug_disease,2,negative,direct:mechanism
159,1507,drug_disease,2,negative,direct:mechanism
160,605,drug_disease,2,negative,direct:mechanism
160,39,drug_disease,2,negative,direct:mechanism
161,1638,drug_disease,2,negative,direct:mechanism
162,1502,drug_disease,2,negative,direct:mechanism
163,39,drug_disease,2,negative,direct:mechanism
164,1355,drug_disease,2,negative,direct:mechanism
164,374,drug_disease,2,negative,direct:mechanism
165,1507,drug_disease,2,negative,direct:mechanism
166,1547,drug_disease,2,negative,direct:mechanism
167,1648,drug_disease,2,negative,direct:mechanism
167,1512,drug_disease,2,negative,direct:mechanism
168,1512,drug_disease,2,negative,direct:mechanism
169,1355,drug_disease,2,negative,direct:mechanism
170,1510,drug_disease,2,negative,direct:mechanism
171,1510,drug_disease,2,negative,direct:mechanism
172,1355,drug_disease,2,negative,direct:mechanism
173,1649,drug_disease,2,negative,direct:mechanism
174,605,drug_disease,2,negative,direct:mechanism
174,1504,drug_disease,2,negative,direct:mechanism
175,1504,drug_disease,2,negative,direct:mechanism
176,1355,drug_disease,2,negative,direct:mechanism
177,1503,drug_disease,2,negative,direct:mechanism
178,1355,drug_disease,2,negative,direct:mechanism
179,1547,drug_disease,2,negative,direct:mechanism
180,1355,drug_disease,2,negative,direct:mechanism
181,315,drug_disease,2,negative,direct:mechanism
182,315,drug_disease,2,negative,direct:mechanism
183,315,drug_disease,2,negative,direct:mechanism
184,315,drug_disease,2,negative,direct:mechanism
185,315,drug_disease,2,negative,direct:mechanism
186,315,drug_disease,2,negative,direct:mechanism
187,1503,drug_disease,2,negative,direct:mechanism
188,1355,drug_disease,2,negative,direct:mechanism
189,1650,drug_disease,2,negative,direct:mechanism
190,605,drug_disease,2,negative,direct:mechanism
190,1355,drug_disease,2,negative,direct:mechanism
190,1504,drug_disease,2,negative,direct:mechanism
191,315,drug_disease,2,negative,direct:mechanism
192,1355,drug_disease,2,negative,direct:mechanism
193,1651,drug_disease,2,negative,direct:mechanism
194,1355,drug_disease,2,negative,direct:mechanism
195,374,drug_disease,2,negative,direct:mechanism
196,374,drug_disease,2,negative,direct:mechanism
197,374,drug_disease,2,negative,direct:mechanism
198,1504,drug_disease,2,negative,direct:mechanism
199,1355,drug_disease,2,negative,direct:mechanism
200,605,drug_disease,2,negative,direct:mechanism
200,1355,drug_disease,2,negative,direct:mechanism
200,1504,drug_disease,2,negative,direct:mechanism
201,1355,drug_disease,2,negative,direct:mechanism
202,1638,drug_disease,2,negative,direct:mechanism
203,1639,drug_disease,2,negative,direct:mechanism
204,1652,drug_disease,2,negative,direct:mechanism
204,315,drug_disease,2,negative,direct:mechanism
205,374,drug_disease,2,negative,direct:mechanism
206,315,drug_disease,2,negative,direct:mechanism
207,1506,drug_disease,2,negative,direct:mechanism
208,39,drug_disease,2,negative,direct:mechanism
208,1355,drug_disease,2,negative,direct:mechanism
208,1503,drug_disease,2,negative,direct:mechanism
208,1638,drug_disease,2,negative,direct:mechanism
208,315,drug_disease,2,negative,direct:mechanism
209,1503,drug_disease,2,negative,direct:mechanism
210,1610,drug_disease,2,negative,direct:mechanism
211,1503,drug_disease,2,negative,direct:mechanism
212,1503,drug_disease,2,negative,direct:mechanism
212,1502,drug_disease,2,negative,direct:mechanism
213,605,drug_disease,2,negative,direct:mechanism
213,1504,drug_disease,2,negative,direct:mechanism
213,1512,drug_disease,2,negative,direct:mechanism
214,1507,drug_disease,2,negative,direct:mechanism
215,1355,drug_disease,2,negative,direct:mechanism
216,1355,drug_disease,2,negative,direct:mechanism
216,1547,drug_disease,2,negative,direct:mechanism
217,1519,drug_disease,2,negative,direct:mechanism
217,39,drug_disease,2,negative,direct:mechanism
217,1503,drug_disease,2,negative,direct:mechanism
217,1547,drug_disease,2,negative,direct:mechanism
218,39,drug_disease,2,negative,direct:mechanism
218,374,drug_disease,2,negative,direct:mechanism
219,1610,drug_disease,2,negative,direct:mechanism
219,1504,drug_disease,2,negative,direct:mechanism
219,1503,drug_disease,2,negative,direct:mechanism
219,1547,drug_disease,2,negative,direct:mechanism
220,1638,drug_disease,2,negative,direct:mechanism
221,1503,drug_disease,2,negative,direct:mechanism
221,1638,drug_disease,2,negative,direct:mechanism
221,1505,drug_disease,2,negative,direct:mechanism
221,1547,drug_disease,2,negative,direct:mechanism
222,1557,drug_disease,2,negative,direct:mechanism
223,1355,drug_disease,2,negative,direct:mechanism
223,1504,drug_disease,2,negative,direct:mechanism
223,1557,drug_disease,2,negative,direct:mechanism
224,1355,drug_disease,2,negative,direct:mechanism
225,1507,drug_disease,2,negative,direct:mechanism
226,1355,drug_disease,2,negative,direct:mechanism
226,1638,drug_disease,2,negative,direct:mechanism
227,1355,drug_disease,2,negative,direct:mechanism
228,605,drug_disease,2,negative,direct:mechanism
228,1355,drug_disease,2,negative,direct:mechanism
228,1638,drug_disease,2,negative,direct:mechanism
229,1504,drug_disease,2,negative,direct:mechanism
230,605,drug_disease,2,negative,direct:mechanism
230,1355,drug_disease,2,negative,direct:mechanism
230,1504,drug_disease,2,negative,direct:mechanism
231,605,drug_disease,2,negative,direct:mechanism
231,1504,drug_disease,2,negative,direct:mechanism
231,1509,drug_disease,2,negative,direct:mechanism
232,1355,drug_disease,2,negative,direct:mechanism
232,1504,drug_disease,2,negative,direct:mechanism
232,1507,drug_disease,2,negative,direct:mechanism
233,1355,drug_disease,2,negative,direct:mechanism
234,605,drug_disease,2,negative,direct:mechanism
234,1355,drug_disease,2,negative,direct:mechanism
235,1355,drug_disease,2,negative,direct:mechanism
236,1547,drug_disease,2,negative,direct:mechanism
237,1547,drug_disease,2,negative,direct:mechanism
238,1355,drug_disease,2,negative,direct:mechanism
239,1512,drug_disease,2,negative,direct:mechanism
240,1355,drug_disease,2,negative,direct:mechanism
241,374,drug_disease,2,negative,direct:mechanism
242,1509,drug_disease,2,negative,direct:mechanism
243,1510,drug_disease,2,negative,direct:mechanism
244,1510,drug_disease,2,negative,direct:mechanism
245,1510,drug_disease,2,negative,direct:mechanism
246,1355,drug_disease,2,negative,direct:mechanism
247,1635,drug_disease,1,positive,direct:therapeutic
248,1653,drug_disease,1,positive,direct:therapeutic
248,1654,drug_disease,1,positive,direct:therapeutic
249,1561,drug_disease,1,positive,direct:therapeutic
250,1655,drug_disease,1,positive,direct:therapeutic
251,1611,drug_disease,1,positive,direct:therapeutic
251,1656,drug_disease,1,positive,direct:therapeutic
136,1657,drug_disease,1,positive,direct:therapeutic
252,1502,drug_disease,1,positive,direct:therapeutic
252,1507,drug_disease,1,positive,direct:therapeutic
138,1639,drug_disease,1,positive,direct:therapeutic
138,1519,drug_disease,1,positive,direct:therapeutic
138,1521,drug_disease,1,positive,direct:therapeutic
138,1658,drug_disease,1,positive,direct:therapeutic
138,1659,drug_disease,1,positive,direct:therapeutic
138,1660,drug_disease,1,positive,direct:therapeutic
138,1661,drug_disease,1,positive,direct:therapeutic
138,1525,drug_disease,1,positive,direct:therapeutic
138,1516,drug_disease,1,positive,direct:therapeutic
138,1544,drug_disease,1,positive,direct:therapeutic
138,1505,drug_disease,1,positive,direct:therapeutic
138,1507,drug_disease,1,positive,direct:therapeutic
138,1558,drug_disease,1,positive,direct:therapeutic
138,1559,drug_disease,1,positive,direct:therapeutic
138,1561,drug_disease,1,positive,direct:therapeutic
138,1537,drug_disease,1,positive,direct:therapeutic
138,1662,drug_disease,1,positive,direct:therapeutic
138,1517,drug_disease,1,positive,direct:therapeutic
138,1538,drug_disease,1,positive,direct:therapeutic
253,1594,drug_disease,1,positive,direct:therapeutic
141,1663,drug_disease,1,positive,direct:therapeutic
143,1541,drug_disease,1,positive,direct:therapeutic
143,1645,drug_disease,1,positive,direct:therapeutic
143,1664,drug_disease,1,positive,direct:therapeutic
143,1665,drug_disease,1,positive,direct:therapeutic
143,1546,drug_disease,1,positive,direct:therapeutic
143,1533,drug_disease,1,positive,direct:therapeutic
143,1666,drug_disease,1,positive,direct:therapeutic
143,1612,drug_disease,1,positive,direct:therapeutic
254,1667,drug_disease,1,positive,direct:therapeutic
146,1668,drug_disease,1,positive,direct:therapeutic
146,1660,drug_disease,1,positive,direct:therapeutic
255,1548,drug_disease,1,positive,direct:therapeutic
255,1526,drug_disease,1,positive,direct:therapeutic
256,1669,drug_disease,1,positive,direct:therapeutic
257,38,drug_disease,1,positive,direct:therapeutic
159,573,drug_disease,1,positive,direct:therapeutic
258,1581,drug_disease,1,positive,direct:therapeutic
259,1670,drug_disease,1,positive,direct:therapeutic
260,1558,drug_disease,1,positive,direct:therapeutic
260,1559,drug_disease,1,positive,direct:therapeutic
261,1671,drug_disease,1,positive,direct:therapeutic
166,1672,drug_disease,1,positive,direct:therapeutic
262,1673,drug_disease,1,positive,direct:therapeutic
263,1659,drug_disease,1,positive,direct:therapeutic
264,1674,drug_disease,1,positive,direct:therapeutic
264,1517,drug_disease,1,positive,direct:therapeutic
265,1675,drug_disease,1,positive,direct:therapeutic
266,1611,drug_disease,1,positive,direct:therapeutic
266,1676,drug_disease,1,positive,direct:therapeutic
266,1677,drug_disease,1,positive,direct:therapeutic
175,1611,drug_disease,1,positive,direct:therapeutic
267,1529,drug_disease,1,positive,direct:therapeutic
267,1678,drug_disease,1,positive,direct:therapeutic
268,1679,drug_disease,1,positive,direct:therapeutic
269,1680,drug_disease,1,positive,direct:therapeutic
269,1681,drug_disease,1,positive,direct:therapeutic
269,1682,drug_disease,1,positive,direct:therapeutic
269,1683,drug_disease,1,positive,direct:therapeutic
270,1684,drug_disease,1,positive,direct:therapeutic
270,1685,drug_disease,1,positive,direct:therapeutic
271,1686,drug_disease,1,positive,direct:therapeutic
271,1687,drug_disease,1,positive,direct:therapeutic
272,1688,drug_disease,1,positive,direct:therapeutic
273,1533,drug_disease,1,positive,direct:therapeutic
184,1689,drug_disease,1,positive,direct:therapeutic
184,1603,drug_disease,1,positive,direct:therapeutic
184,1545,drug_disease,1,positive,direct:therapeutic
185,1533,drug_disease,1,positive,direct:therapeutic
185,1545,drug_disease,1,positive,direct:therapeutic
185,1690,drug_disease,1,positive,direct:therapeutic
274,1562,drug_disease,1,positive,direct:therapeutic
275,1691,drug_disease,1,positive,direct:therapeutic
190,1692,drug_disease,1,positive,direct:therapeutic
200,1545,drug_disease,1,positive,direct:therapeutic
190,1693,drug_disease,1,positive,direct:therapeutic
191,1620,drug_disease,1,positive,direct:therapeutic
191,1553,drug_disease,1,positive,direct:therapeutic
191,1656,drug_disease,1,positive,direct:therapeutic
191,1694,drug_disease,1,positive,direct:therapeutic
191,1695,drug_disease,1,positive,direct:therapeutic
191,586,drug_disease,1,positive,direct:therapeutic
191,1513,drug_disease,1,positive,direct:therapeutic
276,1529,drug_disease,1,positive,direct:therapeutic
276,1541,drug_disease,1,positive,direct:therapeutic
276,1696,drug_disease,1,positive,direct:therapeutic
277,1697,drug_disease,1,positive,direct:therapeutic
277,1545,drug_disease,1,positive,direct:therapeutic
278,1576,drug_disease,1,positive,direct:therapeutic
279,1576,drug_disease,1,positive,direct:therapeutic
206,1598,drug_disease,1,positive,direct:therapeutic
206,1513,drug_disease,1,positive,direct:therapeutic
206,1698,drug_disease,1,positive,direct:therapeutic
280,1533,drug_disease,1,positive,direct:therapeutic
280,1104,drug_disease,1,positive,direct:therapeutic
208,1699,drug_disease,1,positive,direct:therapeutic
211,1600,drug_disease,1,positive,direct:therapeutic
211,657,drug_disease,1,positive,direct:therapeutic
211,1514,drug_disease,1,positive,direct:therapeutic
211,1700,drug_disease,1,positive,direct:therapeutic
211,1653,drug_disease,1,positive,direct:therapeutic
211,1504,drug_disease,1,positive,direct:therapeutic
211,1701,drug_disease,1,positive,direct:therapeutic
211,1702,drug_disease,1,positive,direct:therapeutic
211,1703,drug_disease,1,positive,direct:therapeutic
211,1704,drug_disease,1,positive,direct:therapeutic
211,1692,drug_disease,1,positive,direct:therapeutic
211,1705,drug_disease,1,positive,direct:therapeutic
211,1706,drug_disease,1,positive,direct:therapeutic
211,1707,drug_disease,1,positive,direct:therapeutic
211,1708,drug_disease,1,positive,direct:therapeutic
211,1709,drug_disease,1,positive,direct:therapeutic
212,1710,drug_disease,1,positive,direct:therapeutic
212,1572,drug_disease,1,positive,direct:therapeutic
212,1700,drug_disease,1,positive,direct:therapeutic
212,1606,drug_disease,1,positive,direct:therapeutic
212,1711,drug_disease,1,positive,direct:therapeutic
212,1355,drug_disease,1,positive,direct:therapeutic
212,1678,drug_disease,1,positive,direct:therapeutic
212,1609,drug_disease,1,positive,direct:therapeutic
212,1526,drug_disease,1,positive,direct:therapeutic
212,1712,drug_disease,1,positive,direct:therapeutic
212,1713,drug_disease,1,positive,direct:therapeutic
212,353,drug_disease,1,positive,direct:therapeutic
212,1714,drug_disease,1,positive,direct:therapeutic
212,1576,drug_disease,1,positive,direct:therapeutic
212,1715,drug_disease,1,positive,direct:therapeutic
212,1581,drug_disease,1,positive,direct:therapeutic
212,1716,drug_disease,1,positive,direct:therapeutic
212,1592,drug_disease,1,positive,direct:therapeutic
212,1535,drug_disease,1,positive,direct:therapeutic
212,1702,drug_disease,1,positive,direct:therapeutic
212,1692,drug_disease,1,positive,direct:therapeutic
212,1596,drug_disease,1,positive,direct:therapeutic
212,1703,drug_disease,1,positive,direct:therapeutic
212,1717,drug_disease,1,positive,direct:therapeutic
212,1704,drug_disease,1,positive,direct:therapeutic
212,1705,drug_disease,1,positive,direct:therapeutic
212,1559,drug_disease,1,positive,direct:therapeutic
212,1718,drug_disease,1,positive,direct:therapeutic
212,1512,drug_disease,1,positive,direct:therapeutic
212,1719,drug_disease,1,positive,direct:therapeutic
212,1578,drug_disease,1,positive,direct:therapeutic
212,1720,drug_disease,1,positive,direct:therapeutic
212,1721,drug_disease,1,positive,direct:therapeutic
212,1615,drug_disease,1,positive,direct:therapeutic
212,1722,drug_disease,1,positive,direct:therapeutic
212,1567,drug_disease,1,positive,direct:therapeutic
212,1723,drug_disease,1,positive,direct:therapeutic
212,1434,drug_disease,1,positive,direct:therapeutic
281,1581,drug_disease,1,positive,direct:therapeutic
281,1507,drug_disease,1,positive,direct:therapeutic
282,1724,drug_disease,1,positive,direct:therapeutic
282,1692,drug_disease,1,positive,direct:therapeutic
283,1355,drug_disease,1,positive,direct:therapeutic
284,1598,drug_disease,1,positive,direct:therapeutic
283,1562,drug_disease,1,positive,direct:therapeutic
283,1671,drug_disease,1,positive,direct:therapeutic
283,1725,drug_disease,1,positive,direct:therapeutic
285,1598,drug_disease,1,positive,direct:therapeutic
285,1545,drug_disease,1,positive,direct:therapeutic
286,1514,drug_disease,1,positive,direct:therapeutic
216,1726,drug_disease,1,positive,direct:therapeutic
287,1355,drug_disease,1,positive,direct:therapeutic
288,1727,drug_disease,1,positive,direct:therapeutic
289,1727,drug_disease,1,positive,direct:therapeutic
290,1583,drug_disease,1,positive,direct:therapeutic
291,1728,drug_disease,1,positive,direct:therapeutic
217,1630,drug_disease,1,positive,direct:therapeutic
292,1727,drug_disease,1,positive,direct:therapeutic
219,38,drug_disease,1,positive,direct:therapeutic
293,1729,drug_disease,1,positive,direct:therapeutic
294,1535,drug_disease,1,positive,direct:therapeutic
295,1612,drug_disease,1,positive,direct:therapeutic
296,1730,drug_disease,1,positive,direct:therapeutic
296,1553,drug_disease,1,positive,direct:therapeutic
296,1731,drug_disease,1,positive,direct:therapeutic
296,1580,drug_disease,1,positive,direct:therapeutic
297,1355,drug_disease,1,positive,direct:therapeutic
225,1514,drug_disease,1,positive,direct:therapeutic
225,1732,drug_disease,1,positive,direct:therapeutic
225,1560,drug_disease,1,positive,direct:therapeutic
226,1733,drug_disease,1,positive,direct:therapeutic
298,1733,drug_disease,1,positive,direct:therapeutic
299,1506,drug_disease,1,positive,direct:therapeutic
300,1676,drug_disease,1,positive,direct:therapeutic
301,1734,drug_disease,1,positive,direct:therapeutic
302,573,drug_disease,1,positive,direct:therapeutic
303,1653,drug_disease,1,positive,direct:therapeutic
304,1355,drug_disease,2,negative,direct:mechanism
305,1510,drug_disease,2,negative,direct:mechanism
306,1355,drug_disease,2,negative,direct:mechanism
307,1355,drug_disease,2,negative,direct:mechanism
307,1504,drug_disease,2,negative,direct:mechanism
308,1355,drug_disease,2,negative,direct:mechanism
309,1505,drug_disease,2,negative,direct:mechanism
310,1735,drug_disease,2,negative,direct:mechanism
311,1504,drug_disease,2,negative,direct:mechanism
312,1355,drug_disease,2,negative,direct:mechanism
313,1507,drug_disease,2,negative,direct:mechanism
314,1355,drug_disease,2,negative,direct:mechanism
315,1355,drug_disease,2,negative,direct:mechanism
316,1736,drug_disease,2,negative,direct:mechanism
317,1507,drug_disease,2,negative,direct:mechanism
318,1737,drug_disease,2,negative,direct:mechanism
319,1645,drug_disease,2,negative,direct:mechanism
320,1645,drug_disease,2,negative,direct:mechanism
320,1508,drug_disease,2,negative,direct:mechanism
320,315,drug_disease,2,negative,direct:mechanism
321,1645,drug_disease,2,negative,direct:mechanism
322,1355,drug_disease,2,negative,direct:mechanism
323,1503,drug_disease,2,negative,direct:mechanism
324,1355,drug_disease,2,negative,direct:mechanism
325,1355,drug_disease,2,negative,direct:mechanism
326,1355,drug_disease,2,negative,direct:mechanism
327,1355,drug_disease,2,negative,direct:mechanism
328,605,drug_disease,2,negative,direct:mechanism
328,1519,drug_disease,2,negative,direct:mechanism
328,1503,drug_disease,2,negative,direct:mechanism
328,1505,drug_disease,2,negative,direct:mechanism
328,1547,drug_disease,2,negative,direct:mechanism
329,1503,drug_disease,2,negative,direct:mechanism
330,1503,drug_disease,2,negative,direct:mechanism
331,1547,drug_disease,2,negative,direct:mechanism
332,1547,drug_disease,2,negative,direct:mechanism
333,1547,drug_disease,2,negative,direct:mechanism
334,1506,drug_disease,2,negative,direct:mechanism
335,1547,drug_disease,2,negative,direct:mechanism
336,1547,drug_disease,2,negative,direct:mechanism
337,1355,drug_disease,2,negative,direct:mechanism
338,1738,drug_disease,2,negative,direct:mechanism
339,1738,drug_disease,2,negative,direct:mechanism
340,1738,drug_disease,2,negative,direct:mechanism
341,1738,drug_disease,2,negative,direct:mechanism
342,1738,drug_disease,2,negative,direct:mechanism
343,1355,drug_disease,2,negative,direct:mechanism
344,374,drug_disease,2,negative,direct:mechanism
345,1503,drug_disease,2,negative,direct:mechanism
346,1355,drug_disease,2,negative,direct:mechanism
347,1504,drug_disease,2,negative,direct:mechanism
348,1639,drug_disease,2,negative,direct:mechanism
348,1519,drug_disease,2,negative,direct:mechanism
348,1355,drug_disease,2,negative,direct:mechanism
349,1503,drug_disease,2,negative,direct:mechanism
349,1505,drug_disease,2,negative,direct:mechanism
350,374,drug_disease,2,negative,direct:mechanism
351,39,drug_disease,2,negative,direct:mechanism
352,39,drug_disease,2,negative,direct:mechanism
353,39,drug_disease,2,negative,direct:mechanism
354,1072,drug_disease,2,negative,direct:mechanism
355,1736,drug_disease,2,negative,direct:mechanism
356,1355,drug_disease,2,negative,direct:mechanism
357,1355,drug_disease,2,negative,direct:mechanism
358,1547,drug_disease,2,negative,direct:mechanism
359,1739,drug_disease,2,negative,direct:mechanism
360,1355,drug_disease,2,negative,direct:mechanism
361,1355,drug_disease,2,negative,direct:mechanism
362,315,drug_disease,2,negative,direct:mechanism
363,1638,drug_disease,2,negative,direct:mechanism
364,1507,drug_disease,2,negative,direct:mechanism
365,1355,drug_disease,2,negative,direct:mechanism
366,1355,drug_disease,2,negative,direct:mechanism
367,1519,drug_disease,2,negative,direct:mechanism
367,1502,drug_disease,2,negative,direct:mechanism
367,1507,drug_disease,2,negative,direct:mechanism
368,1507,drug_disease,2,negative,direct:mechanism
369,1519,drug_disease,2,negative,direct:mechanism
369,1502,drug_disease,2,negative,direct:mechanism
370,1355,drug_disease,2,negative,direct:mechanism
370,1503,drug_disease,2,negative,direct:mechanism
370,1638,drug_disease,2,negative,direct:mechanism
371,1503,drug_disease,2,negative,direct:mechanism
372,1355,drug_disease,2,negative,direct:mechanism
373,1355,drug_disease,2,negative,direct:mechanism
373,1504,drug_disease,2,negative,direct:mechanism
374,1507,drug_disease,2,negative,direct:mechanism
375,1547,drug_disease,2,negative,direct:mechanism
376,1547,drug_disease,2,negative,direct:mechanism
377,374,drug_disease,2,negative,direct:mechanism
378,374,drug_disease,2,negative,direct:mechanism
379,1740,drug_disease,2,negative,direct:mechanism
380,1503,drug_disease,2,negative,direct:mechanism
381,1504,drug_disease,2,negative,direct:mechanism
382,1547,drug_disease,2,negative,direct:mechanism
382,315,drug_disease,2,negative,direct:mechanism
383,1645,drug_disease,2,negative,direct:mechanism
384,1741,drug_disease,2,negative,direct:mechanism
385,1557,drug_disease,2,negative,direct:mechanism
386,1502,drug_disease,2,negative,direct:mechanism
387,605,drug_disease,2,negative,direct:mechanism
388,1355,drug_disease,2,negative,direct:mechanism
389,374,drug_disease,2,negative,direct:mechanism
390,605,drug_disease,2,negative,direct:mechanism
391,1508,drug_disease,2,negative,direct:mechanism
392,1506,drug_disease,2,negative,direct:mechanism
393,1645,drug_disease,2,negative,direct:mechanism
394,1355,drug_disease,2,negative,direct:mechanism
395,39,drug_disease,2,negative,direct:mechanism
396,1355,drug_disease,2,negative,direct:mechanism
397,605,drug_disease,2,negative,direct:mechanism
398,1547,drug_disease,2,negative,direct:mechanism
399,1638,drug_disease,2,negative,direct:mechanism
400,1504,drug_disease,2,negative,direct:mechanism
401,1504,drug_disease,2,negative,direct:mechanism
402,1503,drug_disease,2,negative,direct:mechanism
402,1507,drug_disease,2,negative,direct:mechanism
403,605,drug_disease,2,negative,direct:mechanism
403,1355,drug_disease,2,negative,direct:mechanism
403,1504,drug_disease,2,negative,direct:mechanism
403,1502,drug_disease,2,negative,direct:mechanism
404,1355,drug_disease,2,negative,direct:mechanism
405,1355,drug_disease,2,negative,direct:mechanism
406,1355,drug_disease,2,negative,direct:mechanism
407,1503,drug_disease,2,negative,direct:mechanism
408,1355,drug_disease,2,negative,direct:mechanism
409,1742,drug_disease,1,positive,direct:therapeutic
409,1743,drug_disease,1,positive,direct:therapeutic
410,1744,drug_disease,1,positive,direct:therapeutic
411,1591,drug_disease,1,positive,direct:therapeutic
411,1545,drug_disease,1,positive,direct:therapeutic
411,1742,drug_disease,1,positive,direct:therapeutic
412,410,drug_disease,1,positive,direct:therapeutic
413,1675,drug_disease,1,positive,direct:therapeutic
414,1594,drug_disease,1,positive,direct:therapeutic
415,1544,drug_disease,1,positive,direct:therapeutic
307,1745,drug_disease,1,positive,direct:therapeutic
309,1746,drug_disease,1,positive,direct:therapeutic
416,1594,drug_disease,1,positive,direct:therapeutic
416,1619,drug_disease,1,positive,direct:therapeutic
417,1561,drug_disease,1,positive,direct:therapeutic
418,1747,drug_disease,1,positive,direct:therapeutic
418,1748,drug_disease,1,positive,direct:therapeutic
419,1583,drug_disease,1,positive,direct:therapeutic
420,1594,drug_disease,1,positive,direct:therapeutic
319,1742,drug_disease,1,positive,direct:therapeutic
320,1742,drug_disease,1,positive,direct:therapeutic
321,1546,drug_disease,1,positive,direct:therapeutic
328,1749,drug_disease,1,positive,direct:therapeutic
321,1695,drug_disease,1,positive,direct:therapeutic
321,1612,drug_disease,1,positive,direct:therapeutic
421,1533,drug_disease,1,positive,direct:therapeutic
328,1551,drug_disease,1,positive,direct:therapeutic
328,1516,drug_disease,1,positive,direct:therapeutic
328,1535,drug_disease,1,positive,direct:therapeutic
328,1750,drug_disease,1,positive,direct:therapeutic
422,1551,drug_disease,1,positive,direct:therapeutic
422,1516,drug_disease,1,positive,direct:therapeutic
423,1551,drug_disease,1,positive,direct:therapeutic
330,1514,drug_disease,1,positive,direct:therapeutic
332,1751,drug_disease,1,positive,direct:therapeutic
333,1538,drug_disease,1,positive,direct:therapeutic
333,1637,drug_disease,1,positive,direct:therapeutic
424,605,drug_disease,1,positive,direct:therapeutic
424,1752,drug_disease,1,positive,direct:therapeutic
424,1753,drug_disease,1,positive,direct:therapeutic
424,1754,drug_disease,1,positive,direct:therapeutic
335,1555,drug_disease,1,positive,direct:therapeutic
425,1611,drug_disease,1,positive,direct:therapeutic
425,1755,drug_disease,1,positive,direct:therapeutic
426,1557,drug_disease,1,positive,direct:therapeutic
348,1664,drug_disease,1,positive,direct:therapeutic
349,605,drug_disease,1,positive,direct:therapeutic
349,1504,drug_disease,1,positive,direct:therapeutic
427,605,drug_disease,1,positive,direct:therapeutic
427,1756,drug_disease,1,positive,direct:therapeutic
427,1757,drug_disease,1,positive,direct:therapeutic
427,1758,drug_disease,1,positive,direct:therapeutic
427,1521,drug_disease,1,positive,direct:therapeutic
427,1759,drug_disease,1,positive,direct:therapeutic
427,1655,drug_disease,1,positive,direct:therapeutic
427,1760,drug_disease,1,positive,direct:therapeutic
427,1761,drug_disease,1,positive,direct:therapeutic
427,1762,drug_disease,1,positive,direct:therapeutic
427,1713,drug_disease,1,positive,direct:therapeutic
427,1763,drug_disease,1,positive,direct:therapeutic
427,1533,drug_disease,1,positive,direct:therapeutic
427,1581,drug_disease,1,positive,direct:therapeutic
427,1638,drug_disease,1,positive,direct:therapeutic
427,1764,drug_disease,1,positive,direct:therapeutic
427,1545,drug_disease,1,positive,direct:therapeutic
427,1589,drug_disease,1,positive,direct:therapeutic
427,1718,drug_disease,1,positive,direct:therapeutic
427,1512,drug_disease,1,positive,direct:therapeutic
427,1765,drug_disease,1,positive,direct:therapeutic
427,1766,drug_disease,1,positive,direct:therapeutic
427,187,drug_disease,1,positive,direct:therapeutic
427,1767,drug_disease,1,positive,direct:therapeutic
427,1538,drug_disease,1,positive,direct:therapeutic
427,1768,drug_disease,1,positive,direct:therapeutic
427,1769,drug_disease,1,positive,direct:therapeutic
427,1770,drug_disease,1,positive,direct:therapeutic
427,1540,drug_disease,1,positive,direct:therapeutic
427,1771,drug_disease,1,positive,direct:therapeutic
427,1518,drug_disease,1,positive,direct:therapeutic
428,1545,drug_disease,1,positive,direct:therapeutic
429,1594,drug_disease,1,positive,direct:therapeutic
430,1098,drug_disease,1,positive,direct:therapeutic
431,1772,drug_disease,1,positive,direct:therapeutic
432,1734,drug_disease,1,positive,direct:therapeutic
433,1734,drug_disease,1,positive,direct:therapeutic
434,1697,drug_disease,1,positive,direct:therapeutic
434,1678,drug_disease,1,positive,direct:therapeutic
434,1773,drug_disease,1,positive,direct:therapeutic
434,1774,drug_disease,1,positive,direct:therapeutic
434,1775,drug_disease,1,positive,direct:therapeutic
434,1776,drug_disease,1,positive,direct:therapeutic
434,1777,drug_disease,1,positive,direct:therapeutic
434,1778,drug_disease,1,positive,direct:therapeutic
435,1779,drug_disease,1,positive,direct:therapeutic
362,1612,drug_disease,1,positive,direct:therapeutic
363,1647,drug_disease,1,positive,direct:therapeutic
369,1692,drug_disease,1,positive,direct:therapeutic
369,1746,drug_disease,1,positive,direct:therapeutic
370,1780,drug_disease,1,positive,direct:therapeutic
375,1781,drug_disease,1,positive,direct:therapeutic
375,1758,drug_disease,1,positive,direct:therapeutic
375,1732,drug_disease,1,positive,direct:therapeutic
375,1575,drug_disease,1,positive,direct:therapeutic
375,1533,drug_disease,1,positive,direct:therapeutic
375,1728,drug_disease,1,positive,direct:therapeutic
375,1612,drug_disease,1,positive,direct:therapeutic
375,1536,drug_disease,1,positive,direct:therapeutic
375,1545,drug_disease,1,positive,direct:therapeutic
375,1637,drug_disease,1,positive,direct:therapeutic
436,1668,drug_disease,1,positive,direct:therapeutic
436,1660,drug_disease,1,positive,direct:therapeutic
436,1782,drug_disease,1,positive,direct:therapeutic
436,1730,drug_disease,1,positive,direct:therapeutic
436,1564,drug_disease,1,positive,direct:therapeutic
436,1408,drug_disease,1,positive,direct:therapeutic
436,1580,drug_disease,1,positive,direct:therapeutic
436,1540,drug_disease,1,positive,direct:therapeutic
376,1557,drug_disease,1,positive,direct:therapeutic
437,1783,drug_disease,1,positive,direct:therapeutic
438,1514,drug_disease,1,positive,direct:therapeutic
439,1623,drug_disease,1,positive,direct:therapeutic
440,1784,drug_disease,1,positive,direct:therapeutic
439,1355,drug_disease,1,positive,direct:therapeutic
441,1785,drug_disease,1,positive,direct:therapeutic
441,1355,drug_disease,1,positive,direct:therapeutic
442,1548,drug_disease,1,positive,direct:therapeutic
399,1786,drug_disease,1,positive,direct:therapeutic
442,1787,drug_disease,1,positive,direct:therapeutic
442,1564,drug_disease,1,positive,direct:therapeutic
442,1533,drug_disease,1,positive,direct:therapeutic
442,1527,drug_disease,1,positive,direct:therapeutic
443,1594,drug_disease,1,positive,direct:therapeutic
382,1506,drug_disease,1,positive,direct:therapeutic
386,1562,drug_disease,1,positive,direct:therapeutic
386,1518,drug_disease,1,positive,direct:therapeutic
394,1594,drug_disease,1,positive,direct:therapeutic
394,1560,drug_disease,1,positive,direct:therapeutic
444,1734,drug_disease,1,positive,direct:therapeutic
445,1533,drug_disease,1,positive,direct:therapeutic
446,1507,drug_disease,1,positive,direct:therapeutic
399,1788,drug_disease,1,positive,direct:therapeutic
400,1544,drug_disease,1,positive,direct:therapeutic
440,1551,drug_disease,1,positive,direct:therapeutic
440,1556,drug_disease,1,positive,direct:therapeutic
440,1713,drug_disease,1,positive,direct:therapeutic
440,1503,drug_disease,1,positive,direct:therapeutic
440,1546,drug_disease,1,positive,direct:therapeutic
440,1789,drug_disease,1,positive,direct:therapeutic
440,1516,drug_disease,1,positive,direct:therapeutic
440,1790,drug_disease,1,positive,direct:therapeutic
440,1580,drug_disease,1,positive,direct:therapeutic
440,1512,drug_disease,1,positive,direct:therapeutic
440,1582,drug_disease,1,positive,direct:therapeutic
440,1540,drug_disease,1,positive,direct:therapeutic
447,1645,drug_disease,1,positive,direct:therapeutic
404,1658,drug_disease,1,positive,direct:therapeutic
404,1782,drug_disease,1,positive,direct:therapeutic
405,1782,drug_disease,1,positive,direct:therapeutic
407,1791,drug_disease,1,positive,direct:therapeutic
448,1627,drug_disease,1,positive,direct:therapeutic
449,1611,drug_disease,1,positive,direct:therapeutic
449,1645,drug_disease,1,positive,direct:therapeutic
449,471,drug_disease,1,positive,direct:therapeutic
449,1589,drug_disease,1,positive,direct:therapeutic
449,1792,drug_disease,1,positive,direct:therapeutic
449,1742,drug_disease,1,positive,direct:therapeutic
449,1793,drug_disease,1,positive,direct:therapeutic
449,1743,drug_disease,1,positive,direct:therapeutic
449,1616,drug_disease,1,positive,direct:therapeutic
450,605,drug_disease,1,positive,direct:therapeutic
450,1021,drug_disease,1,positive,direct:therapeutic
450,1502,drug_disease,1,positive,direct:therapeutic
451,1355,drug_disease,2,negative,direct:mechanism
452,1505,drug_disease,2,negative,direct:mechanism
453,1547,drug_disease,2,negative,direct:mechanism
454,1355,drug_disease,2,negative,direct:mechanism
455,315,drug_disease,2,negative,direct:mechanism
456,315,drug_disease,2,negative,direct:mechanism
457,315,drug_disease,2,negative,direct:mechanism
458,39,drug_disease,2,negative,direct:mechanism
459,1355,drug_disease,2,negative,direct:mechanism
460,1355,drug_disease,2,negative,direct:mechanism
461,605,drug_disease,2,negative,direct:mechanism
461,1502,drug_disease,2,negative,direct:mechanism
462,1355,drug_disease,2,negative,direct:mechanism
462,1547,drug_disease,2,negative,direct:mechanism
463,1547,drug_disease,2,negative,direct:mechanism
464,1794,drug_disease,2,negative,direct:mechanism
464,1503,drug_disease,2,negative,direct:mechanism
465,1652,drug_disease,2,negative,direct:mechanism
465,315,drug_disease,2,negative,direct:mechanism
466,315,drug_disease,2,negative,direct:mechanism
467,1652,drug_disease,2,negative,direct:mechanism
467,315,drug_disease,2,negative,direct:mechanism
468,1503,drug_disease,2,negative,direct:mechanism
469,1355,drug_disease,2,negative,direct:mechanism
470,605,drug_disease,2,negative,direct:mechanism
470,1503,drug_disease,2,negative,direct:mechanism
470,1512,drug_disease,2,negative,direct:mechanism
471,1355,drug_disease,2,negative,direct:mechanism
472,1355,drug_disease,2,negative,direct:mechanism
473,605,drug_disease,2,negative,direct:mechanism
473,1504,drug_disease,2,negative,direct:mechanism
474,1355,drug_disease,2,negative,direct:mechanism
475,1355,drug_disease,2,negative,direct:mechanism
476,605,drug_disease,2,negative,direct:mechanism
476,1355,drug_disease,2,negative,direct:mechanism
477,1355,drug_disease,2,negative,direct:mechanism
478,1355,drug_disease,2,negative,direct:mechanism
479,605,drug_disease,2,negative,direct:mechanism
479,1355,drug_disease,2,negative,direct:mechanism
479,1507,drug_disease,2,negative,direct:mechanism
480,1355,drug_disease,2,negative,direct:mechanism
481,1355,drug_disease,2,negative,direct:mechanism
482,1638,drug_disease,2,negative,direct:mechanism
483,1355,drug_disease,2,negative,direct:mechanism
484,1355,drug_disease,2,negative,direct:mechanism
485,1355,drug_disease,2,negative,direct:mechanism
486,1355,drug_disease,2,negative,direct:mechanism
487,374,drug_disease,2,negative,direct:mechanism
487,1638,drug_disease,2,negative,direct:mechanism
488,1512,drug_disease,2,negative,direct:mechanism
489,1503,drug_disease,2,negative,direct:mechanism
490,1355,drug_disease,2,negative,direct:mechanism
491,605,drug_disease,2,negative,direct:mechanism
491,1355,drug_disease,2,negative,direct:mechanism
491,1504,drug_disease,2,negative,direct:mechanism
491,1507,drug_disease,2,negative,direct:mechanism
492,1355,drug_disease,2,negative,direct:mechanism
493,605,drug_disease,2,negative,direct:mechanism
493,1638,drug_disease,2,negative,direct:mechanism
493,1547,drug_disease,2,negative,direct:mechanism
494,605,drug_disease,2,negative,direct:mechanism
495,315,drug_disease,2,negative,direct:mechanism
496,315,drug_disease,2,negative,direct:mechanism
497,605,drug_disease,2,negative,direct:mechanism
498,1640,drug_disease,2,negative,direct:mechanism
499,1795,drug_disease,2,negative,direct:mechanism
500,1547,drug_disease,2,negative,direct:mechanism
501,1503,drug_disease,2,negative,direct:mechanism
501,1505,drug_disease,2,negative,direct:mechanism
502,1355,drug_disease,2,negative,direct:mechanism
503,1355,drug_disease,2,negative,direct:mechanism
503,1504,drug_disease,2,negative,direct:mechanism
504,1504,drug_disease,2,negative,direct:mechanism
505,1355,drug_disease,2,negative,direct:mechanism
506,1355,drug_disease,2,negative,direct:mechanism
507,1355,drug_disease,2,negative,direct:mechanism
507,1504,drug_disease,2,negative,direct:mechanism
507,1642,drug_disease,2,negative,direct:mechanism
507,1505,drug_disease,2,negative,direct:mechanism
507,1507,drug_disease,2,negative,direct:mechanism
508,1638,drug_disease,2,negative,direct:mechanism
509,1504,drug_disease,2,negative,direct:mechanism
509,1503,drug_disease,2,negative,direct:mechanism
509,1557,drug_disease,2,negative,direct:mechanism
510,1504,drug_disease,2,negative,direct:mechanism
510,1645,drug_disease,2,negative,direct:mechanism
511,605,drug_disease,2,negative,direct:mechanism
511,1504,drug_disease,2,negative,direct:mechanism
512,1355,drug_disease,2,negative,direct:mechanism
513,1355,drug_disease,2,negative,direct:mechanism
514,605,drug_disease,2,negative,direct:mechanism
514,1355,drug_disease,2,negative,direct:mechanism
514,1504,drug_disease,2,negative,direct:mechanism
515,315,drug_disease,2,negative,direct:mechanism
516,1355,drug_disease,2,negative,direct:mechanism
516,315,drug_disease,2,negative,direct:mechanism
517,1510,drug_disease,2,negative,direct:mechanism
518,605,drug_disease,2,negative,direct:mechanism
518,1547,drug_disease,2,negative,direct:mechanism
519,39,drug_disease,2,negative,direct:mechanism
520,1355,drug_disease,2,negative,direct:mechanism
521,1504,drug_disease,2,negative,direct:mechanism
521,1503,drug_disease,2,negative,direct:mechanism
522,315,drug_disease,2,negative,direct:mechanism
523,1794,drug_disease,2,negative,direct:mechanism
524,1519,drug_disease,2,negative,direct:mechanism
525,39,drug_disease,2,negative,direct:mechanism
524,1505,drug_disease,2,negative,direct:mechanism
524,1547,drug_disease,2,negative,direct:mechanism
526,1547,drug_disease,2,negative,direct:mechanism
527,1355,drug_disease,2,negative,direct:mechanism
528,39,drug_disease,2,negative,direct:mechanism
529,605,drug_disease,2,negative,direct:mechanism
529,1355,drug_disease,2,negative,direct:mechanism
530,1355,drug_disease,2,negative,direct:mechanism
530,1504,drug_disease,2,negative,direct:mechanism
530,1503,drug_disease,2,negative,direct:mechanism
530,1509,drug_disease,2,negative,direct:mechanism
530,1507,drug_disease,2,negative,direct:mechanism
531,1355,drug_disease,2,negative,direct:mechanism
532,1504,drug_disease,2,negative,direct:mechanism
533,605,drug_disease,2,negative,direct:mechanism
533,1504,drug_disease,2,negative,direct:mechanism
534,605,drug_disease,2,negative,direct:mechanism
534,1504,drug_disease,2,negative,direct:mechanism
534,1547,drug_disease,2,negative,direct:mechanism
535,1547,drug_disease,2,negative,direct:mechanism
536,1519,drug_disease,2,negative,direct:mechanism
536,1355,drug_disease,2,negative,direct:mechanism
536,1796,drug_disease,2,negative,direct:mechanism
536,1507,drug_disease,2,negative,direct:mechanism
537,1355,drug_disease,2,negative,direct:mechanism
538,39,drug_disease,2,negative,direct:mechanism
538,1547,drug_disease,2,negative,direct:mechanism
539,1519,drug_disease,2,negative,direct:mechanism
539,39,drug_disease,2,negative,direct:mechanism
539,1610,drug_disease,2,negative,direct:mechanism
539,1503,drug_disease,2,negative,direct:mechanism
539,1509,drug_disease,2,negative,direct:mechanism
539,1507,drug_disease,2,negative,direct:mechanism
539,1547,drug_disease,2,negative,direct:mechanism
540,1355,drug_disease,2,negative,direct:mechanism
541,39,drug_disease,2,negative,direct:mechanism
541,1504,drug_disease,2,negative,direct:mechanism
542,605,drug_disease,2,negative,direct:mechanism
543,1519,drug_disease,2,negative,direct:mechanism
543,1504,drug_disease,2,negative,direct:mechanism
543,1503,drug_disease,2,negative,direct:mechanism
543,1638,drug_disease,2,negative,direct:mechanism
543,1557,drug_disease,2,negative,direct:mechanism
543,1507,drug_disease,2,negative,direct:mechanism
543,1547,drug_disease,2,negative,direct:mechanism
544,1547,drug_disease,2,negative,direct:mechanism
545,1547,drug_disease,2,negative,direct:mechanism
546,1355,drug_disease,2,negative,direct:mechanism
547,1502,drug_disease,2,negative,direct:mechanism
548,39,drug_disease,2,negative,direct:mechanism
549,605,drug_disease,2,negative,direct:mechanism
549,1503,drug_disease,2,negative,direct:mechanism
549,1502,drug_disease,2,negative,direct:mechanism
550,1355,drug_disease,2,negative,direct:mechanism
551,1547,drug_disease,2,negative,direct:mechanism
552,1503,drug_disease,2,negative,direct:mechanism
553,1355,drug_disease,2,negative,direct:mechanism
554,1797,drug_disease,2,negative,direct:mechanism
554,1547,drug_disease,2,negative,direct:mechanism
555,1355,drug_disease,2,negative,direct:mechanism
556,374,drug_disease,2,negative,direct:mechanism
557,1503,drug_disease,2,negative,direct:mechanism
558,39,drug_disease,2,negative,direct:mechanism
559,1510,drug_disease,2,negative,direct:mechanism
560,1547,drug_disease,2,negative,direct:mechanism
561,1798,drug_disease,1,positive,direct:therapeutic
561,327,drug_disease,1,positive,direct:therapeutic
561,1535,drug_disease,1,positive,direct:therapeutic
561,1562,drug_disease,1,positive,direct:therapeutic
561,1799,drug_disease,1,positive,direct:therapeutic
561,1518,drug_disease,1,positive,direct:therapeutic
562,1537,drug_disease,1,positive,direct:therapeutic
563,1630,drug_disease,1,positive,direct:therapeutic
563,859,drug_disease,1,positive,direct:therapeutic
563,1556,drug_disease,1,positive,direct:therapeutic
563,1503,drug_disease,1,positive,direct:therapeutic
563,1545,drug_disease,1,positive,direct:therapeutic
563,1707,drug_disease,1,positive,direct:therapeutic
563,1547,drug_disease,1,positive,direct:therapeutic
563,1612,drug_disease,1,positive,direct:therapeutic
563,1538,drug_disease,1,positive,direct:therapeutic
564,1800,drug_disease,1,positive,direct:therapeutic
565,1564,drug_disease,1,positive,direct:therapeutic
566,1801,drug_disease,1,positive,direct:therapeutic
567,1548,drug_disease,1,positive,direct:therapeutic
568,1802,drug_disease,1,positive,direct:therapeutic
568,1551,drug_disease,1,positive,direct:therapeutic
568,1685,drug_disease,1,positive,direct:therapeutic
568,1803,drug_disease,1,positive,direct:therapeutic
569,1804,drug_disease,1,positive,direct:therapeutic
569,1805,drug_disease,1,positive,direct:therapeutic
570,1702,drug_disease,1,positive,direct:therapeutic
571,1781,drug_disease,1,positive,direct:therapeutic
463,887,drug_disease,1,positive,direct:therapeutic
463,1806,drug_disease,1,positive,direct:therapeutic
463,1742,drug_disease,1,positive,direct:therapeutic
572,1513,drug_disease,1,positive,direct:therapeutic
468,1521,drug_disease,1,positive,direct:therapeutic
573,1545,drug_disease,1,positive,direct:therapeutic
574,1545,drug_disease,1,positive,direct:therapeutic
575,1600,drug_disease,1,positive,direct:therapeutic
470,1562,drug_disease,1,positive,direct:therapeutic
472,1743,drug_disease,1,positive,direct:therapeutic
576,1545,drug_disease,1,positive,direct:therapeutic
577,1355,drug_disease,1,positive,direct:therapeutic
493,1610,drug_disease,1,positive,direct:therapeutic
493,1807,drug_disease,1,positive,direct:therapeutic
493,1619,drug_disease,1,positive,direct:therapeutic
495,1513,drug_disease,1,positive,direct:therapeutic
578,1611,drug_disease,1,positive,direct:therapeutic
579,1611,drug_disease,1,positive,direct:therapeutic
580,1808,drug_disease,1,positive,direct:therapeutic
500,1593,drug_disease,1,positive,direct:therapeutic
500,1521,drug_disease,1,positive,direct:therapeutic
500,1686,drug_disease,1,positive,direct:therapeutic
500,1728,drug_disease,1,positive,direct:therapeutic
500,1535,drug_disease,1,positive,direct:therapeutic
500,1502,drug_disease,1,positive,direct:therapeutic
500,1702,drug_disease,1,positive,direct:therapeutic
500,1536,drug_disease,1,positive,direct:therapeutic
500,1584,drug_disease,1,positive,direct:therapeutic
500,1513,drug_disease,1,positive,direct:therapeutic
500,1809,drug_disease,1,positive,direct:therapeutic
500,1742,drug_disease,1,positive,direct:therapeutic
500,1540,drug_disease,1,positive,direct:therapeutic
500,1810,drug_disease,1,positive,direct:therapeutic
501,1564,drug_disease,1,positive,direct:therapeutic
581,1692,drug_disease,1,positive,direct:therapeutic
501,1667,drug_disease,1,positive,direct:therapeutic
501,1811,drug_disease,1,positive,direct:therapeutic
501,1812,drug_disease,1,positive,direct:therapeutic
582,1734,drug_disease,1,positive,direct:therapeutic
509,605,drug_disease,1,positive,direct:therapeutic
509,1548,drug_disease,1,positive,direct:therapeutic
509,1556,drug_disease,1,positive,direct:therapeutic
509,1595,drug_disease,1,positive,direct:therapeutic
509,1526,drug_disease,1,positive,direct:therapeutic
509,1813,drug_disease,1,positive,direct:therapeutic
509,366,drug_disease,1,positive,direct:therapeutic
509,1814,drug_disease,1,positive,direct:therapeutic
509,1815,drug_disease,1,positive,direct:therapeutic
509,1816,drug_disease,1,positive,direct:therapeutic
509,1638,drug_disease,1,positive,direct:therapeutic
509,1702,drug_disease,1,positive,direct:therapeutic
509,1515,drug_disease,1,positive,direct:therapeutic
509,1558,drug_disease,1,positive,direct:therapeutic
509,1817,drug_disease,1,positive,direct:therapeutic
509,1818,drug_disease,1,positive,direct:therapeutic
509,1819,drug_disease,1,positive,direct:therapeutic
583,1697,drug_disease,1,positive,direct:therapeutic
584,1820,drug_disease,1,positive,direct:therapeutic
584,1821,drug_disease,1,positive,direct:therapeutic
514,1822,drug_disease,1,positive,direct:therapeutic
515,202,drug_disease,1,positive,direct:therapeutic
515,1823,drug_disease,1,positive,direct:therapeutic
585,1824,drug_disease,1,positive,direct:therapeutic
586,1544,drug_disease,1,positive,direct:therapeutic
518,1825,drug_disease,1,positive,direct:therapeutic
518,1742,drug_disease,1,positive,direct:therapeutic
519,1514,drug_disease,1,positive,direct:therapeutic
587,1547,drug_disease,1,positive,direct:therapeutic
588,1503,drug_disease,1,positive,direct:therapeutic
588,1547,drug_disease,1,positive,direct:therapeutic
589,1504,drug_disease,1,positive,direct:therapeutic
589,1713,drug_disease,1,positive,direct:therapeutic
590,1521,drug_disease,1,positive,direct:therapeutic
591,1521,drug_disease,1,positive,direct:therapeutic
592,38,drug_disease,1,positive,direct:therapeutic
593,1826,drug_disease,1,positive,direct:therapeutic
593,1513,drug_disease,1,positive,direct:therapeutic
593,1619,drug_disease,1,positive,direct:therapeutic
594,1827,drug_disease,1,positive,direct:therapeutic
522,1546,drug_disease,1,positive,direct:therapeutic
595,1828,drug_disease,1,positive,direct:therapeutic
595,1829,drug_disease,1,positive,direct:therapeutic
523,1509,drug_disease,1,positive,direct:therapeutic
596,1538,drug_disease,1,positive,direct:therapeutic
524,1522,drug_disease,1,positive,direct:therapeutic
597,1559,drug_disease,1,positive,direct:therapeutic
525,1535,drug_disease,1,positive,direct:therapeutic
598,1572,drug_disease,1,positive,direct:therapeutic
598,1830,drug_disease,1,positive,direct:therapeutic
598,1692,drug_disease,1,positive,direct:therapeutic
598,1584,drug_disease,1,positive,direct:therapeutic
598,1723,drug_disease,1,positive,direct:therapeutic
599,228,drug_disease,1,positive,direct:therapeutic
599,38,drug_disease,1,positive,direct:therapeutic
599,1653,drug_disease,1,positive,direct:therapeutic
599,1831,drug_disease,1,positive,direct:therapeutic
599,1832,drug_disease,1,positive,direct:therapeutic
599,1728,drug_disease,1,positive,direct:therapeutic
599,1535,drug_disease,1,positive,direct:therapeutic
599,1702,drug_disease,1,positive,direct:therapeutic
599,1692,drug_disease,1,positive,direct:therapeutic
599,1560,drug_disease,1,positive,direct:therapeutic
599,65,drug_disease,1,positive,direct:therapeutic
599,1833,drug_disease,1,positive,direct:therapeutic
599,1171,drug_disease,1,positive,direct:therapeutic
529,1623,drug_disease,1,positive,direct:therapeutic
529,1593,drug_disease,1,positive,direct:therapeutic
529,1572,drug_disease,1,positive,direct:therapeutic
529,1653,drug_disease,1,positive,direct:therapeutic
529,1834,drug_disease,1,positive,direct:therapeutic
529,1835,drug_disease,1,positive,direct:therapeutic
529,1836,drug_disease,1,positive,direct:therapeutic
529,1831,drug_disease,1,positive,direct:therapeutic
529,1832,drug_disease,1,positive,direct:therapeutic
529,1837,drug_disease,1,positive,direct:therapeutic
529,1838,drug_disease,1,positive,direct:therapeutic
529,1830,drug_disease,1,positive,direct:therapeutic
529,1839,drug_disease,1,positive,direct:therapeutic
529,1731,drug_disease,1,positive,direct:therapeutic
529,1714,drug_disease,1,positive,direct:therapeutic
529,1571,drug_disease,1,positive,direct:therapeutic
529,1535,drug_disease,1,positive,direct:therapeutic
529,1840,drug_disease,1,positive,direct:therapeutic
529,1704,drug_disease,1,positive,direct:therapeutic
529,1692,drug_disease,1,positive,direct:therapeutic
529,1705,drug_disease,1,positive,direct:therapeutic
529,1560,drug_disease,1,positive,direct:therapeutic
529,1841,drug_disease,1,positive,direct:therapeutic
529,1842,drug_disease,1,positive,direct:therapeutic
529,315,drug_disease,1,positive,direct:therapeutic
529,1843,drug_disease,1,positive,direct:therapeutic
529,1821,drug_disease,1,positive,direct:therapeutic
529,1723,drug_disease,1,positive,direct:therapeutic
529,1844,drug_disease,1,positive,direct:therapeutic
529,1845,drug_disease,1,positive,direct:therapeutic
581,1560,drug_disease,1,positive,direct:therapeutic
600,1846,drug_disease,1,positive,direct:therapeutic
600,1514,drug_disease,1,positive,direct:therapeutic
600,1572,drug_disease,1,positive,direct:therapeutic
600,1847,drug_disease,1,positive,direct:therapeutic
600,1831,drug_disease,1,positive,direct:therapeutic
600,1692,drug_disease,1,positive,direct:therapeutic
600,1848,drug_disease,1,positive,direct:therapeutic
600,1654,drug_disease,1,positive,direct:therapeutic
600,586,drug_disease,1,positive,direct:therapeutic
600,1584,drug_disease,1,positive,direct:therapeutic
600,1849,drug_disease,1,positive,direct:therapeutic
600,1723,drug_disease,1,positive,direct:therapeutic
530,1850,drug_disease,1,positive,direct:therapeutic
530,1831,drug_disease,1,positive,direct:therapeutic
530,1851,drug_disease,1,positive,direct:therapeutic
530,1852,drug_disease,1,positive,direct:therapeutic
530,1678,drug_disease,1,positive,direct:therapeutic
530,1701,drug_disease,1,positive,direct:therapeutic
530,1853,drug_disease,1,positive,direct:therapeutic
530,406,drug_disease,1,positive,direct:therapeutic
530,1854,drug_disease,1,positive,direct:therapeutic
530,1535,drug_disease,1,positive,direct:therapeutic
530,1583,drug_disease,1,positive,direct:therapeutic
530,1692,drug_disease,1,positive,direct:therapeutic
530,1855,drug_disease,1,positive,direct:therapeutic
530,1584,drug_disease,1,positive,direct:therapeutic
530,1707,drug_disease,1,positive,direct:therapeutic
530,1709,drug_disease,1,positive,direct:therapeutic
530,1856,drug_disease,1,positive,direct:therapeutic
601,1857,drug_disease,1,positive,direct:therapeutic
531,605,drug_disease,1,positive,direct:therapeutic
531,1858,drug_disease,1,positive,direct:therapeutic
531,1859,drug_disease,1,positive,direct:therapeutic
531,1860,drug_disease,1,positive,direct:therapeutic
531,1861,drug_disease,1,positive,direct:therapeutic
531,1668,drug_disease,1,positive,direct:therapeutic
531,1660,drug_disease,1,positive,direct:therapeutic
531,1587,drug_disease,1,positive,direct:therapeutic
531,1504,drug_disease,1,positive,direct:therapeutic
531,1656,drug_disease,1,positive,direct:therapeutic
531,1581,drug_disease,1,positive,direct:therapeutic
541,887,drug_disease,1,positive,direct:therapeutic
531,1638,drug_disease,1,positive,direct:therapeutic
531,1535,drug_disease,1,positive,direct:therapeutic
531,1562,drug_disease,1,positive,direct:therapeutic
531,1545,drug_disease,1,positive,direct:therapeutic
602,1603,drug_disease,1,positive,direct:therapeutic
531,1634,drug_disease,1,positive,direct:therapeutic
602,1862,drug_disease,1,positive,direct:therapeutic
602,1655,drug_disease,1,positive,direct:therapeutic
602,1545,drug_disease,1,positive,direct:therapeutic
532,605,drug_disease,1,positive,direct:therapeutic
532,1863,drug_disease,1,positive,direct:therapeutic
603,1746,drug_disease,1,positive,direct:therapeutic
604,1514,drug_disease,1,positive,direct:therapeutic
604,1746,drug_disease,1,positive,direct:therapeutic
605,1553,drug_disease,1,positive,direct:therapeutic
534,1535,drug_disease,1,positive,direct:therapeutic
534,1642,drug_disease,1,positive,direct:therapeutic
534,1578,drug_disease,1,positive,direct:therapeutic
606,1854,drug_disease,1,positive,direct:therapeutic
607,1355,drug_disease,1,positive,direct:therapeutic
607,1864,drug_disease,1,positive,direct:therapeutic
607,1573,drug_disease,1,positive,direct:therapeutic
607,1775,drug_disease,1,positive,direct:therapeutic
607,1596,drug_disease,1,positive,direct:therapeutic
535,1732,drug_disease,1,positive,direct:therapeutic
535,1702,drug_disease,1,positive,direct:therapeutic
535,1584,drug_disease,1,positive,direct:therapeutic
608,1732,drug_disease,1,positive,direct:therapeutic
608,1702,drug_disease,1,positive,direct:therapeutic
608,1584,drug_disease,1,positive,direct:therapeutic
609,1752,drug_disease,1,positive,direct:therapeutic
537,1865,drug_disease,1,positive,direct:therapeutic
537,1561,drug_disease,1,positive,direct:therapeutic
538,1600,drug_disease,1,positive,direct:therapeutic
538,1355,drug_disease,1,positive,direct:therapeutic
539,1526,drug_disease,1,positive,direct:therapeutic
610,1519,drug_disease,1,positive,direct:therapeutic
541,967,drug_disease,1,positive,direct:therapeutic
541,1866,drug_disease,1,positive,direct:therapeutic
541,1758,drug_disease,1,positive,direct:therapeutic
541,1867,drug_disease,1,positive,direct:therapeutic
541,1868,drug_disease,1,positive,direct:therapeutic
541,1869,drug_disease,1,positive,direct:therapeutic
541,1664,drug_disease,1,positive,direct:therapeutic
541,1526,drug_disease,1,positive,direct:therapeutic
541,1870,drug_disease,1,positive,direct:therapeutic
541,1533,drug_disease,1,positive,direct:therapeutic
541,1581,drug_disease,1,positive,direct:therapeutic
541,1871,drug_disease,1,positive,direct:therapeutic
541,1502,drug_disease,1,positive,direct:therapeutic
541,1872,drug_disease,1,positive,direct:therapeutic
541,1544,drug_disease,1,positive,direct:therapeutic
541,1507,drug_disease,1,positive,direct:therapeutic
541,1558,drug_disease,1,positive,direct:therapeutic
541,1513,drug_disease,1,positive,direct:therapeutic
541,1873,drug_disease,1,positive,direct:therapeutic
541,1517,drug_disease,1,positive,direct:therapeutic
541,1874,drug_disease,1,positive,direct:therapeutic
541,1875,drug_disease,1,positive,direct:therapeutic
541,1767,drug_disease,1,positive,direct:therapeutic
611,1876,drug_disease,1,positive,direct:therapeutic
611,1862,drug_disease,1,positive,direct:therapeutic
611,1835,drug_disease,1,positive,direct:therapeutic
611,1877,drug_disease,1,positive,direct:therapeutic
611,1591,drug_disease,1,positive,direct:therapeutic
611,1878,drug_disease,1,positive,direct:therapeutic
611,1702,drug_disease,1,positive,direct:therapeutic
611,1583,drug_disease,1,positive,direct:therapeutic
611,1692,drug_disease,1,positive,direct:therapeutic
611,1559,drug_disease,1,positive,direct:therapeutic
611,1561,drug_disease,1,positive,direct:therapeutic
611,1706,drug_disease,1,positive,direct:therapeutic
611,1584,drug_disease,1,positive,direct:therapeutic
611,1513,drug_disease,1,positive,direct:therapeutic
611,1723,drug_disease,1,positive,direct:therapeutic
611,1833,drug_disease,1,positive,direct:therapeutic
612,1879,drug_disease,1,positive,direct:therapeutic
613,1355,drug_disease,1,positive,direct:therapeutic
614,1560,drug_disease,1,positive,direct:therapeutic
614,1583,drug_disease,1,positive,direct:therapeutic
614,1746,drug_disease,1,positive,direct:therapeutic
615,1746,drug_disease,1,positive,direct:therapeutic
616,1862,drug_disease,1,positive,direct:therapeutic
616,1504,drug_disease,1,positive,direct:therapeutic
616,1878,drug_disease,1,positive,direct:therapeutic
616,1769,drug_disease,1,positive,direct:therapeutic
617,1752,drug_disease,1,positive,direct:therapeutic
617,1556,drug_disease,1,positive,direct:therapeutic
617,1880,drug_disease,1,positive,direct:therapeutic
617,1518,drug_disease,1,positive,direct:therapeutic
543,605,drug_disease,1,positive,direct:therapeutic
543,1600,drug_disease,1,positive,direct:therapeutic
543,1355,drug_disease,1,positive,direct:therapeutic
543,1634,drug_disease,1,positive,direct:therapeutic
618,1553,drug_disease,1,positive,direct:therapeutic
618,1532,drug_disease,1,positive,direct:therapeutic
618,1534,drug_disease,1,positive,direct:therapeutic
618,1580,drug_disease,1,positive,direct:therapeutic
618,1845,drug_disease,1,positive,direct:therapeutic
619,1549,drug_disease,1,positive,direct:therapeutic
620,1653,drug_disease,1,positive,direct:therapeutic
620,1579,drug_disease,1,positive,direct:therapeutic
621,1547,drug_disease,1,positive,direct:therapeutic
549,1660,drug_disease,1,positive,direct:therapeutic
549,1587,drug_disease,1,positive,direct:therapeutic
549,1881,drug_disease,1,positive,direct:therapeutic
549,1882,drug_disease,1,positive,direct:therapeutic
549,1883,drug_disease,1,positive,direct:therapeutic
549,1535,drug_disease,1,positive,direct:therapeutic
549,1603,drug_disease,1,positive,direct:therapeutic
549,1796,drug_disease,1,positive,direct:therapeutic
549,1707,drug_disease,1,positive,direct:therapeutic
549,1884,drug_disease,1,positive,direct:therapeutic
549,1885,drug_disease,1,positive,direct:therapeutic
549,1886,drug_disease,1,positive,direct:therapeutic
549,1307,drug_disease,1,positive,direct:therapeutic
549,1527,drug_disease,1,positive,direct:therapeutic
549,1771,drug_disease,1,positive,direct:therapeutic
622,1551,drug_disease,1,positive,direct:therapeutic
622,1668,drug_disease,1,positive,direct:therapeutic
622,1587,drug_disease,1,positive,direct:therapeutic
622,1532,drug_disease,1,positive,direct:therapeutic
622,1887,drug_disease,1,positive,direct:therapeutic
622,1507,drug_disease,1,positive,direct:therapeutic
622,1690,drug_disease,1,positive,direct:therapeutic
623,1547,drug_disease,1,positive,direct:therapeutic
624,1545,drug_disease,1,positive,direct:therapeutic
625,1527,drug_disease,1,positive,direct:therapeutic
626,1756,drug_disease,1,positive,direct:therapeutic
627,1533,drug_disease,1,positive,direct:therapeutic
555,1611,drug_disease,1,positive,direct:therapeutic
628,1671,drug_disease,1,positive,direct:therapeutic
629,1888,drug_disease,1,positive,direct:therapeutic
630,1545,drug_disease,1,positive,direct:therapeutic
630,1742,drug_disease,1,positive,direct:therapeutic
631,1889,drug_disease,1,positive,direct:therapeutic
631,1890,drug_disease,1,positive,direct:therapeutic
632,1815,drug_disease,1,positive,direct:therapeutic
633,1891,drug_disease,1,positive,direct:therapeutic
560,1653,drug_disease,1,positive,direct:therapeutic
560,1560,drug_disease,1,positive,direct:therapeutic
634,374,drug_disease,2,negative,direct:mechanism
635,1892,drug_disease,2,negative,direct:mechanism
636,1355,drug_disease,2,negative,direct:mechanism
637,39,drug_disease,2,negative,direct:mechanism
638,1355,drug_disease,2,negative,direct:mechanism
638,1502,drug_disease,2,negative,direct:mechanism
638,1507,drug_disease,2,negative,direct:mechanism
639,1355,drug_disease,2,negative,direct:mechanism
639,1502,drug_disease,2,negative,direct:mechanism
640,1355,drug_disease,2,negative,direct:mechanism
641,1893,drug_disease,2,negative,direct:mechanism
642,1506,drug_disease,2,negative,direct:mechanism
643,1355,drug_disease,2,negative,direct:mechanism
643,1642,drug_disease,2,negative,direct:mechanism
644,605,drug_disease,2,negative,direct:mechanism
644,1355,drug_disease,2,negative,direct:mechanism
644,1504,drug_disease,2,negative,direct:mechanism
645,1508,drug_disease,2,negative,direct:mechanism
646,1355,drug_disease,2,negative,direct:mechanism
646,1507,drug_disease,2,negative,direct:mechanism
647,1507,drug_disease,2,negative,direct:mechanism
648,1355,drug_disease,2,negative,direct:mechanism
649,605,drug_disease,2,negative,direct:mechanism
650,1355,drug_disease,2,negative,direct:mechanism
651,1504,drug_disease,2,negative,direct:mechanism
652,605,drug_disease,2,negative,direct:mechanism
653,1355,drug_disease,2,negative,direct:mechanism
654,605,drug_disease,2,negative,direct:mechanism
655,1355,drug_disease,2,negative,direct:mechanism
654,1504,drug_disease,2,negative,direct:mechanism
656,1503,drug_disease,2,negative,direct:mechanism
657,1355,drug_disease,2,negative,direct:mechanism
658,315,drug_disease,2,negative,direct:mechanism
659,315,drug_disease,2,negative,direct:mechanism
660,1502,drug_disease,2,negative,direct:mechanism
660,1547,drug_disease,2,negative,direct:mechanism
661,1547,drug_disease,2,negative,direct:mechanism
662,1355,drug_disease,2,negative,direct:mechanism
663,1355,drug_disease,2,negative,direct:mechanism
664,1894,drug_disease,2,negative,direct:mechanism
665,1355,drug_disease,2,negative,direct:mechanism
666,1355,drug_disease,2,negative,direct:mechanism
667,1355,drug_disease,2,negative,direct:mechanism
668,39,drug_disease,2,negative,direct:mechanism
669,1355,drug_disease,2,negative,direct:mechanism
670,1355,drug_disease,2,negative,direct:mechanism
671,1355,drug_disease,2,negative,direct:mechanism
672,605,drug_disease,2,negative,direct:mechanism
672,1355,drug_disease,2,negative,direct:mechanism
672,1505,drug_disease,2,negative,direct:mechanism
673,1355,drug_disease,2,negative,direct:mechanism
673,1505,drug_disease,2,negative,direct:mechanism
674,1355,drug_disease,2,negative,direct:mechanism
675,605,drug_disease,2,negative,direct:mechanism
675,1355,drug_disease,2,negative,direct:mechanism
676,1355,drug_disease,2,negative,direct:mechanism
677,1355,drug_disease,2,negative,direct:mechanism
678,1355,drug_disease,2,negative,direct:mechanism
679,1355,drug_disease,2,negative,direct:mechanism
680,1355,drug_disease,2,negative,direct:mechanism
681,1505,drug_disease,2,negative,direct:mechanism
682,1355,drug_disease,2,negative,direct:mechanism
683,1355,drug_disease,2,negative,direct:mechanism
684,1355,drug_disease,2,negative,direct:mechanism
685,1355,drug_disease,2,negative,direct:mechanism
686,1355,drug_disease,2,negative,direct:mechanism
687,1355,drug_disease,2,negative,direct:mechanism
688,1355,drug_disease,2,negative,direct:mechanism
689,1355,drug_disease,2,negative,direct:mechanism
690,1355,drug_disease,2,negative,direct:mechanism
691,1355,drug_disease,2,negative,direct:mechanism
692,1355,drug_disease,2,negative,direct:mechanism
693,1355,drug_disease,2,negative,direct:mechanism
694,1355,drug_disease,2,negative,direct:mechanism
695,1503,drug_disease,2,negative,direct:mechanism
696,1505,drug_disease,2,negative,direct:mechanism
697,1355,drug_disease,2,negative,direct:mechanism
698,1505,drug_disease,2,negative,direct:mechanism
699,605,drug_disease,2,negative,direct:mechanism
700,1355,drug_disease,2,negative,direct:mechanism
701,1355,drug_disease,2,negative,direct:mechanism
701,1505,drug_disease,2,negative,direct:mechanism
702,605,drug_disease,2,negative,direct:mechanism
702,1355,drug_disease,2,negative,direct:mechanism
703,39,drug_disease,2,negative,direct:mechanism
704,1355,drug_disease,2,negative,direct:mechanism
705,605,drug_disease,2,negative,direct:mechanism
706,605,drug_disease,2,negative,direct:mechanism
706,1355,drug_disease,2,negative,direct:mechanism
707,1547,drug_disease,2,negative,direct:mechanism
708,1355,drug_disease,2,negative,direct:mechanism
709,1355,drug_disease,2,negative,direct:mechanism
710,605,drug_disease,2,negative,direct:mechanism
711,1355,drug_disease,2,negative,direct:mechanism
712,605,drug_disease,2,negative,direct:mechanism
712,1355,drug_disease,2,negative,direct:mechanism
713,1505,drug_disease,2,negative,direct:mechanism
714,1355,drug_disease,2,negative,direct:mechanism
715,1355,drug_disease,2,negative,direct:mechanism
715,1505,drug_disease,2,negative,direct:mechanism
716,1505,drug_disease,2,negative,direct:mechanism
717,1505,drug_disease,2,negative,direct:mechanism
718,1355,drug_disease,2,negative,direct:mechanism
718,1505,drug_disease,2,negative,direct:mechanism
719,1355,drug_disease,2,negative,direct:mechanism
720,1355,drug_disease,2,negative,direct:mechanism
721,605,drug_disease,2,negative,direct:mechanism
721,1355,drug_disease,2,negative,direct:mechanism
721,1507,drug_disease,2,negative,direct:mechanism
722,1355,drug_disease,2,negative,direct:mechanism
722,1505,drug_disease,2,negative,direct:mechanism
723,1355,drug_disease,2,negative,direct:mechanism
724,1355,drug_disease,2,negative,direct:mechanism
725,1505,drug_disease,2,negative,direct:mechanism
726,1505,drug_disease,2,negative,direct:mechanism
727,1355,drug_disease,2,negative,direct:mechanism
728,1355,drug_disease,2,negative,direct:mechanism
729,1505,drug_disease,2,negative,direct:mechanism
730,1505,drug_disease,2,negative,direct:mechanism
731,1505,drug_disease,2,negative,direct:mechanism
732,1610,drug_disease,2,negative,direct:mechanism
733,1505,drug_disease,2,negative,direct:mechanism
734,1355,drug_disease,2,negative,direct:mechanism
734,1505,drug_disease,2,negative,direct:mechanism
735,1355,drug_disease,2,negative,direct:mechanism
736,605,drug_disease,2,negative,direct:mechanism
737,1355,drug_disease,2,negative,direct:mechanism
738,1355,drug_disease,2,negative,direct:mechanism
739,1355,drug_disease,2,negative,direct:mechanism
740,1355,drug_disease,2,negative,direct:mechanism
741,1355,drug_disease,2,negative,direct:mechanism
742,605,drug_disease,2,negative,direct:mechanism
742,1355,drug_disease,2,negative,direct:mechanism
743,1355,drug_disease,2,negative,direct:mechanism
743,1505,drug_disease,2,negative,direct:mechanism
744,605,drug_disease,2,negative,direct:mechanism
745,605,drug_disease,2,negative,direct:mechanism
746,1505,drug_disease,2,negative,direct:mechanism
747,1355,drug_disease,2,negative,direct:mechanism
747,1505,drug_disease,2,negative,direct:mechanism
748,1505,drug_disease,2,negative,direct:mechanism
749,1505,drug_disease,2,negative,direct:mechanism
750,1355,drug_disease,2,negative,direct:mechanism
751,1355,drug_disease,2,negative,direct:mechanism
752,1355,drug_disease,2,negative,direct:mechanism
753,1505,drug_disease,2,negative,direct:mechanism
754,605,drug_disease,2,negative,direct:mechanism
754,1355,drug_disease,2,negative,direct:mechanism
755,1355,drug_disease,2,negative,direct:mechanism
756,1355,drug_disease,2,negative,direct:mechanism
757,605,drug_disease,2,negative,direct:mechanism
758,1355,drug_disease,2,negative,direct:mechanism
759,1355,drug_disease,2,negative,direct:mechanism
759,1505,drug_disease,2,negative,direct:mechanism
760,1355,drug_disease,2,negative,direct:mechanism
761,1505,drug_disease,2,negative,direct:mechanism
762,1505,drug_disease,2,negative,direct:mechanism
763,1355,drug_disease,2,negative,direct:mechanism
763,1505,drug_disease,2,negative,direct:mechanism
764,1355,drug_disease,2,negative,direct:mechanism
764,1505,drug_disease,2,negative,direct:mechanism
765,1355,drug_disease,2,negative,direct:mechanism
766,1355,drug_disease,2,negative,direct:mechanism
767,1355,drug_disease,2,negative,direct:mechanism
768,1505,drug_disease,2,negative,direct:mechanism
769,1355,drug_disease,2,negative,direct:mechanism
770,605,drug_disease,2,negative,direct:mechanism
771,1355,drug_disease,2,negative,direct:mechanism
772,1355,drug_disease,2,negative,direct:mechanism
772,1505,drug_disease,2,negative,direct:mechanism
773,1355,drug_disease,2,negative,direct:mechanism
773,1505,drug_disease,2,negative,direct:mechanism
774,1355,drug_disease,2,negative,direct:mechanism
775,1355,drug_disease,2,negative,direct:mechanism
775,1505,drug_disease,2,negative,direct:mechanism
776,1355,drug_disease,2,negative,direct:mechanism
777,1355,drug_disease,2,negative,direct:mechanism
777,1505,drug_disease,2,negative,direct:mechanism
778,1355,drug_disease,2,negative,direct:mechanism
779,1505,drug_disease,2,negative,direct:mechanism
780,1505,drug_disease,2,negative,direct:mechanism
781,1505,drug_disease,2,negative,direct:mechanism
782,1505,drug_disease,2,negative,direct:mechanism
783,1355,drug_disease,2,negative,direct:mechanism
784,1355,drug_disease,2,negative,direct:mechanism
785,1355,drug_disease,2,negative,direct:mechanism
786,1355,drug_disease,2,negative,direct:mechanism
787,1505,drug_disease,2,negative,direct:mechanism
788,1355,drug_disease,2,negative,direct:mechanism
789,1355,drug_disease,2,negative,direct:mechanism
790,1505,drug_disease,2,negative,direct:mechanism
791,1505,drug_disease,2,negative,direct:mechanism
792,1355,drug_disease,2,negative,direct:mechanism
793,1355,drug_disease,2,negative,direct:mechanism
794,1355,drug_disease,2,negative,direct:mechanism
795,1355,drug_disease,2,negative,direct:mechanism
796,1355,drug_disease,2,negative,direct:mechanism
797,1505,drug_disease,2,negative,direct:mechanism
798,1355,drug_disease,2,negative,direct:mechanism
798,1505,drug_disease,2,negative,direct:mechanism
799,1355,drug_disease,2,negative,direct:mechanism
800,1519,drug_disease,2,negative,direct:mechanism
800,1355,drug_disease,2,negative,direct:mechanism
801,1355,drug_disease,2,negative,direct:mechanism
802,605,drug_disease,2,negative,direct:mechanism
803,1505,drug_disease,2,negative,direct:mechanism
804,1355,drug_disease,2,negative,direct:mechanism
805,1355,drug_disease,2,negative,direct:mechanism
806,1505,drug_disease,2,negative,direct:mechanism
807,1355,drug_disease,2,negative,direct:mechanism
807,1505,drug_disease,2,negative,direct:mechanism
808,1355,drug_disease,2,negative,direct:mechanism
809,1355,drug_disease,2,negative,direct:mechanism
810,1355,drug_disease,2,negative,direct:mechanism
811,1355,drug_disease,2,negative,direct:mechanism
811,1505,drug_disease,2,negative,direct:mechanism
812,1505,drug_disease,2,negative,direct:mechanism
813,1355,drug_disease,2,negative,direct:mechanism
814,1355,drug_disease,2,negative,direct:mechanism
815,1505,drug_disease,2,negative,direct:mechanism
816,1355,drug_disease,2,negative,direct:mechanism
817,1355,drug_disease,2,negative,direct:mechanism
818,1505,drug_disease,2,negative,direct:mechanism
819,1355,drug_disease,2,negative,direct:mechanism
820,1355,drug_disease,2,negative,direct:mechanism
821,1355,drug_disease,2,negative,direct:mechanism
822,1355,drug_disease,2,negative,direct:mechanism
823,1355,drug_disease,2,negative,direct:mechanism
824,1505,drug_disease,2,negative,direct:mechanism
825,1505,drug_disease,2,negative,direct:mechanism
826,1355,drug_disease,2,negative,direct:mechanism
827,1355,drug_disease,2,negative,direct:mechanism
828,1355,drug_disease,2,negative,direct:mechanism
829,1355,drug_disease,2,negative,direct:mechanism
830,1355,drug_disease,2,negative,direct:mechanism
831,1355,drug_disease,2,negative,direct:mechanism
832,1505,drug_disease,2,negative,direct:mechanism
833,1505,drug_disease,2,negative,direct:mechanism
834,1505,drug_disease,2,negative,direct:mechanism
835,1355,drug_disease,2,negative,direct:mechanism
835,1505,drug_disease,2,negative,direct:mechanism
836,1505,drug_disease,2,negative,direct:mechanism
837,1355,drug_disease,2,negative,direct:mechanism
838,1355,drug_disease,2,negative,direct:mechanism
839,1355,drug_disease,2,negative,direct:mechanism
840,1355,drug_disease,2,negative,direct:mechanism
841,1355,drug_disease,2,negative,direct:mechanism
842,1355,drug_disease,2,negative,direct:mechanism
843,1355,drug_disease,2,negative,direct:mechanism
844,1355,drug_disease,2,negative,direct:mechanism
845,605,drug_disease,2,negative,direct:mechanism
845,1355,drug_disease,2,negative,direct:mechanism
846,1355,drug_disease,2,negative,direct:mechanism
847,1355,drug_disease,2,negative,direct:mechanism
848,1355,drug_disease,2,negative,direct:mechanism
849,1355,drug_disease,2,negative,direct:mechanism
850,605,drug_disease,2,negative,direct:mechanism
850,1355,drug_disease,2,negative,direct:mechanism
850,1505,drug_disease,2,negative,direct:mechanism
851,1638,drug_disease,2,negative,direct:mechanism
852,1557,drug_disease,2,negative,direct:mechanism
853,1355,drug_disease,2,negative,direct:mechanism
853,1895,drug_disease,2,negative,direct:mechanism
854,1355,drug_disease,2,negative,direct:mechanism
854,1640,drug_disease,2,negative,direct:mechanism
854,1652,drug_disease,2,negative,direct:mechanism
854,1642,drug_disease,2,negative,direct:mechanism
854,1547,drug_disease,2,negative,direct:mechanism
854,315,drug_disease,2,negative,direct:mechanism
855,1504,drug_disease,2,negative,direct:mechanism
856,605,drug_disease,2,negative,direct:mechanism
856,1547,drug_disease,2,negative,direct:mechanism
857,374,drug_disease,2,negative,direct:mechanism
858,1896,drug_disease,2,negative,direct:mechanism
859,1638,drug_disease,2,negative,direct:mechanism
860,1355,drug_disease,2,negative,direct:mechanism
861,1355,drug_disease,2,negative,direct:mechanism
862,1503,drug_disease,2,negative,direct:mechanism
863,1519,drug_disease,2,negative,direct:mechanism
864,39,drug_disease,2,negative,direct:mechanism
865,1519,drug_disease,2,negative,direct:mechanism
866,1640,drug_disease,2,negative,direct:mechanism
867,1897,drug_disease,2,negative,direct:mechanism
868,605,drug_disease,2,negative,direct:mechanism
868,39,drug_disease,2,negative,direct:mechanism
868,1355,drug_disease,2,negative,direct:mechanism
868,1504,drug_disease,2,negative,direct:mechanism
868,1507,drug_disease,2,negative,direct:mechanism
869,1506,drug_disease,2,negative,direct:mechanism
870,1355,drug_disease,2,negative,direct:mechanism
871,1504,drug_disease,2,negative,direct:mechanism
872,1504,drug_disease,2,negative,direct:mechanism
873,605,drug_disease,2,negative,direct:mechanism
873,1504,drug_disease,2,negative,direct:mechanism
874,1507,drug_disease,2,negative,direct:mechanism
875,1547,drug_disease,2,negative,direct:mechanism
876,374,drug_disease,2,negative,direct:mechanism
877,374,drug_disease,2,negative,direct:mechanism
878,1638,drug_disease,2,negative,direct:mechanism
879,1519,drug_disease,2,negative,direct:mechanism
880,39,drug_disease,2,negative,direct:mechanism
881,1579,drug_disease,1,positive,direct:therapeutic
881,1857,drug_disease,1,positive,direct:therapeutic
882,1355,drug_disease,1,positive,direct:therapeutic
883,1504,drug_disease,1,positive,direct:therapeutic
884,1818,drug_disease,1,positive,direct:therapeutic
885,1821,drug_disease,1,positive,direct:therapeutic
886,605,drug_disease,1,positive,direct:therapeutic
886,1587,drug_disease,1,positive,direct:therapeutic
886,1552,drug_disease,1,positive,direct:therapeutic
886,1526,drug_disease,1,positive,direct:therapeutic
886,1564,drug_disease,1,positive,direct:therapeutic
886,1544,drug_disease,1,positive,direct:therapeutic
636,605,drug_disease,1,positive,direct:therapeutic
636,1898,drug_disease,1,positive,direct:therapeutic
636,1535,drug_disease,1,positive,direct:therapeutic
636,1505,drug_disease,1,positive,direct:therapeutic
638,1728,drug_disease,1,positive,direct:therapeutic
639,1728,drug_disease,1,positive,direct:therapeutic
887,1637,drug_disease,1,positive,direct:therapeutic
888,1637,drug_disease,1,positive,direct:therapeutic
889,1575,drug_disease,1,positive,direct:therapeutic
889,1545,drug_disease,1,positive,direct:therapeutic
889,1577,drug_disease,1,positive,direct:therapeutic
890,1637,drug_disease,1,positive,direct:therapeutic
891,1553,drug_disease,1,positive,direct:therapeutic
644,1561,drug_disease,1,positive,direct:therapeutic
892,1899,drug_disease,1,positive,direct:therapeutic
892,1583,drug_disease,1,positive,direct:therapeutic
892,1559,drug_disease,1,positive,direct:therapeutic
892,1584,drug_disease,1,positive,direct:therapeutic
645,1598,drug_disease,1,positive,direct:therapeutic
645,1782,drug_disease,1,positive,direct:therapeutic
645,1545,drug_disease,1,positive,direct:therapeutic
645,1749,drug_disease,1,positive,direct:therapeutic
645,1612,drug_disease,1,positive,direct:therapeutic
645,1538,drug_disease,1,positive,direct:therapeutic
893,38,drug_disease,1,positive,direct:therapeutic
647,1838,drug_disease,1,positive,direct:therapeutic
894,1900,drug_disease,1,positive,direct:therapeutic
646,1900,drug_disease,1,positive,direct:therapeutic
895,1900,drug_disease,1,positive,direct:therapeutic
896,1551,drug_disease,1,positive,direct:therapeutic
897,1555,drug_disease,1,positive,direct:therapeutic
897,1517,drug_disease,1,positive,direct:therapeutic
898,1901,drug_disease,1,positive,direct:therapeutic
899,471,drug_disease,1,positive,direct:therapeutic
900,1296,drug_disease,1,positive,direct:therapeutic
900,255,drug_disease,1,positive,direct:therapeutic
900,1021,drug_disease,1,positive,direct:therapeutic
900,1355,drug_disease,1,positive,direct:therapeutic
900,1533,drug_disease,1,positive,direct:therapeutic
900,1902,drug_disease,1,positive,direct:therapeutic
900,1852,drug_disease,1,positive,direct:therapeutic
900,1868,drug_disease,1,positive,direct:therapeutic
900,1807,drug_disease,1,positive,direct:therapeutic
900,1602,drug_disease,1,positive,direct:therapeutic
900,1564,drug_disease,1,positive,direct:therapeutic
900,1903,drug_disease,1,positive,direct:therapeutic
900,1702,drug_disease,1,positive,direct:therapeutic
900,1561,drug_disease,1,positive,direct:therapeutic
900,1904,drug_disease,1,positive,direct:therapeutic
900,1905,drug_disease,1,positive,direct:therapeutic
900,1518,drug_disease,1,positive,direct:therapeutic
900,1637,drug_disease,1,positive,direct:therapeutic
901,1637,drug_disease,1,positive,direct:therapeutic
902,1556,drug_disease,1,positive,direct:therapeutic
903,1852,drug_disease,1,positive,direct:therapeutic
903,1573,drug_disease,1,positive,direct:therapeutic
903,1906,drug_disease,1,positive,direct:therapeutic
658,1521,drug_disease,1,positive,direct:therapeutic
658,1812,drug_disease,1,positive,direct:therapeutic
904,1521,drug_disease,1,positive,direct:therapeutic
905,1571,drug_disease,1,positive,direct:therapeutic
659,1521,drug_disease,1,positive,direct:therapeutic
659,1812,drug_disease,1,positive,direct:therapeutic
661,1559,drug_disease,1,positive,direct:therapeutic
906,410,drug_disease,1,positive,direct:therapeutic
907,1818,drug_disease,1,positive,direct:therapeutic
908,1907,drug_disease,1,positive,direct:therapeutic
909,1908,drug_disease,1,positive,direct:therapeutic
909,586,drug_disease,1,positive,direct:therapeutic
909,1574,drug_disease,1,positive,direct:therapeutic
910,1852,drug_disease,1,positive,direct:therapeutic
911,1662,drug_disease,1,positive,direct:therapeutic
911,1909,drug_disease,1,positive,direct:therapeutic
912,1553,drug_disease,1,positive,direct:therapeutic
912,1534,drug_disease,1,positive,direct:therapeutic
912,1845,drug_disease,1,positive,direct:therapeutic
913,1674,drug_disease,1,positive,direct:therapeutic
914,1728,drug_disease,1,positive,direct:therapeutic
915,1507,drug_disease,1,positive,direct:therapeutic
916,1556,drug_disease,1,positive,direct:therapeutic
916,1578,drug_disease,1,positive,direct:therapeutic
917,1517,drug_disease,1,positive,direct:therapeutic
918,1598,drug_disease,1,positive,direct:therapeutic
918,1871,drug_disease,1,positive,direct:therapeutic
919,1517,drug_disease,1,positive,direct:therapeutic
680,1548,drug_disease,1,positive,direct:therapeutic
680,1787,drug_disease,1,positive,direct:therapeutic
680,1544,drug_disease,1,positive,direct:therapeutic
680,1527,drug_disease,1,positive,direct:therapeutic
681,1606,drug_disease,1,positive,direct:therapeutic
920,1526,drug_disease,1,positive,direct:therapeutic
700,1558,drug_disease,1,positive,direct:therapeutic
702,1910,drug_disease,1,positive,direct:therapeutic
702,1658,drug_disease,1,positive,direct:therapeutic
702,1911,drug_disease,1,positive,direct:therapeutic
702,1584,drug_disease,1,positive,direct:therapeutic
703,1606,drug_disease,1,positive,direct:therapeutic
706,1702,drug_disease,1,positive,direct:therapeutic
713,1675,drug_disease,1,positive,direct:therapeutic
921,1675,drug_disease,1,positive,direct:therapeutic
721,1731,drug_disease,1,positive,direct:therapeutic
722,1517,drug_disease,1,positive,direct:therapeutic
922,1558,drug_disease,1,positive,direct:therapeutic
728,1558,drug_disease,1,positive,direct:therapeutic
923,1355,drug_disease,1,positive,direct:therapeutic
924,1910,drug_disease,1,positive,direct:therapeutic
736,1558,drug_disease,1,positive,direct:therapeutic
923,1728,drug_disease,1,positive,direct:therapeutic
925,1845,drug_disease,1,positive,direct:therapeutic
745,1752,drug_disease,1,positive,direct:therapeutic
926,1581,drug_disease,1,positive,direct:therapeutic
926,1702,drug_disease,1,positive,direct:therapeutic
927,1912,drug_disease,1,positive,direct:therapeutic
928,1584,drug_disease,1,positive,direct:therapeutic
772,1658,drug_disease,1,positive,direct:therapeutic
929,1517,drug_disease,1,positive,direct:therapeutic
930,1584,drug_disease,1,positive,direct:therapeutic
931,1559,drug_disease,1,positive,direct:therapeutic
932,38,drug_disease,1,positive,direct:therapeutic
933,1558,drug_disease,1,positive,direct:therapeutic
933,914,drug_disease,1,positive,direct:therapeutic
934,1544,drug_disease,1,positive,direct:therapeutic
934,1527,drug_disease,1,positive,direct:therapeutic
935,1913,drug_disease,1,positive,direct:therapeutic
935,1914,drug_disease,1,positive,direct:therapeutic
936,1558,drug_disease,1,positive,direct:therapeutic
843,38,drug_disease,1,positive,direct:therapeutic
843,1915,drug_disease,1,positive,direct:therapeutic
843,1559,drug_disease,1,positive,direct:therapeutic
937,1558,drug_disease,1,positive,direct:therapeutic
938,1519,drug_disease,1,positive,direct:therapeutic
847,1658,drug_disease,1,positive,direct:therapeutic
939,1535,drug_disease,1,positive,direct:therapeutic
939,1744,drug_disease,1,positive,direct:therapeutic
940,1535,drug_disease,1,positive,direct:therapeutic
941,1667,drug_disease,1,positive,direct:therapeutic
942,1535,drug_disease,1,positive,direct:therapeutic
942,1692,drug_disease,1,positive,direct:therapeutic
854,1916,drug_disease,1,positive,direct:therapeutic
863,1824,drug_disease,1,positive,direct:therapeutic
863,1562,drug_disease,1,positive,direct:therapeutic
863,1545,drug_disease,1,positive,direct:therapeutic
863,1917,drug_disease,1,positive,direct:therapeutic
863,1518,drug_disease,1,positive,direct:therapeutic
865,1557,drug_disease,1,positive,direct:therapeutic
865,1545,drug_disease,1,positive,direct:therapeutic
865,1517,drug_disease,1,positive,direct:therapeutic
943,1548,drug_disease,1,positive,direct:therapeutic
943,1713,drug_disease,1,positive,direct:therapeutic
944,1559,drug_disease,1,positive,direct:therapeutic
869,1731,drug_disease,1,positive,direct:therapeutic
945,1658,drug_disease,1,positive,direct:therapeutic
946,1594,drug_disease,1,positive,direct:therapeutic
947,1918,drug_disease,1,positive,direct:therapeutic
948,1730,drug_disease,1,positive,direct:therapeutic
949,1721,drug_disease,1,positive,direct:therapeutic
950,1855,drug_disease,1,positive,direct:therapeutic
951,1919,drug_disease,2,negative,direct:mechanism
952,1504,drug_disease,2,negative,direct:mechanism
953,1355,drug_disease,2,negative,direct:mechanism
953,1504,drug_disease,2,negative,direct:mechanism
954,1920,drug_disease,2,negative,direct:mechanism
955,1638,drug_disease,2,negative,direct:mechanism
956,39,drug_disease,2,negative,direct:mechanism
957,1355,drug_disease,2,negative,direct:mechanism
958,605,drug_disease,2,negative,direct:mechanism
959,605,drug_disease,2,negative,direct:mechanism
959,1638,drug_disease,2,negative,direct:mechanism
960,1355,drug_disease,2,negative,direct:mechanism
961,1508,drug_disease,2,negative,direct:mechanism
961,1638,drug_disease,2,negative,direct:mechanism
962,1519,drug_disease,2,negative,direct:mechanism
962,1506,drug_disease,2,negative,direct:mechanism
963,1355,drug_disease,2,negative,direct:mechanism
964,1921,drug_disease,2,negative,direct:mechanism
965,1652,drug_disease,2,negative,direct:mechanism
966,605,drug_disease,2,negative,direct:mechanism
966,1503,drug_disease,2,negative,direct:mechanism
966,1509,drug_disease,2,negative,direct:mechanism
966,1507,drug_disease,2,negative,direct:mechanism
966,1547,drug_disease,2,negative,direct:mechanism
966,315,drug_disease,2,negative,direct:mechanism
967,605,drug_disease,2,negative,direct:mechanism
967,1503,drug_disease,2,negative,direct:mechanism
967,1547,drug_disease,2,negative,direct:mechanism
968,1503,drug_disease,2,negative,direct:mechanism
969,1355,drug_disease,2,negative,direct:mechanism
969,1503,drug_disease,2,negative,direct:mechanism
969,1638,drug_disease,2,negative,direct:mechanism
970,1503,drug_disease,2,negative,direct:mechanism
970,374,drug_disease,2,negative,direct:mechanism
971,1610,drug_disease,2,negative,direct:mechanism
972,1503,drug_disease,2,negative,direct:mechanism
973,315,drug_disease,2,negative,direct:mechanism
974,315,drug_disease,2,negative,direct:mechanism
975,315,drug_disease,2,negative,direct:mechanism
976,605,drug_disease,2,negative,direct:mechanism
977,1355,drug_disease,2,negative,direct:mechanism
978,1355,drug_disease,2,negative,direct:mechanism
979,1504,drug_disease,2,negative,direct:mechanism
980,1503,drug_disease,2,negative,direct:mechanism
981,39,drug_disease,2,negative,direct:mechanism
982,1922,drug_disease,2,negative,direct:mechanism
982,1923,drug_disease,2,negative,direct:mechanism
983,1355,drug_disease,2,negative,direct:mechanism
984,1355,drug_disease,2,negative,direct:mechanism
985,1503,drug_disease,2,negative,direct:mechanism
986,1504,drug_disease,2,negative,direct:mechanism
987,374,drug_disease,2,negative,direct:mechanism
988,1355,drug_disease,2,negative,direct:mechanism
989,1355,drug_disease,2,negative,direct:mechanism
990,1355,drug_disease,2,negative,direct:mechanism
991,605,drug_disease,2,negative,direct:mechanism
992,1355,drug_disease,2,negative,direct:mechanism
993,1503,drug_disease,2,negative,direct:mechanism
994,1355,drug_disease,2,negative,direct:mechanism
995,315,drug_disease,2,negative,direct:mechanism
996,315,drug_disease,2,negative,direct:mechanism
997,1652,drug_disease,2,negative,direct:mechanism
997,315,drug_disease,2,negative,direct:mechanism
998,1508,drug_disease,2,negative,direct:mechanism
998,1652,drug_disease,2,negative,direct:mechanism
999,605,drug_disease,2,negative,direct:mechanism
999,1504,drug_disease,2,negative,direct:mechanism
1000,1506,drug_disease,2,negative,direct:mechanism
1001,1355,drug_disease,2,negative,direct:mechanism
1002,1355,drug_disease,2,negative,direct:mechanism
1003,1503,drug_disease,2,negative,direct:mechanism
1004,1355,drug_disease,2,negative,direct:mechanism
1005,1355,drug_disease,2,negative,direct:mechanism
1005,1502,drug_disease,2,negative,direct:mechanism
1005,443,drug_disease,2,negative,direct:mechanism
1006,1355,drug_disease,2,negative,direct:mechanism
1007,1924,drug_disease,2,negative,direct:mechanism
1008,1557,drug_disease,2,negative,direct:mechanism
1008,1547,drug_disease,2,negative,direct:mechanism
1009,1638,drug_disease,2,negative,direct:mechanism
1010,315,drug_disease,2,negative,direct:mechanism
1011,1355,drug_disease,2,negative,direct:mechanism
1012,1503,drug_disease,2,negative,direct:mechanism
1013,1355,drug_disease,2,negative,direct:mechanism
1014,1355,drug_disease,2,negative,direct:mechanism
1015,39,drug_disease,2,negative,direct:mechanism
1016,1557,drug_disease,2,negative,direct:mechanism
1017,1503,drug_disease,2,negative,direct:mechanism
1018,1355,drug_disease,2,negative,direct:mechanism
1019,1503,drug_disease,2,negative,direct:mechanism
1020,1645,drug_disease,2,negative,direct:mechanism
1021,1503,drug_disease,2,negative,direct:mechanism
1022,39,drug_disease,2,negative,direct:mechanism
1022,1504,drug_disease,2,negative,direct:mechanism
1023,1645,drug_disease,2,negative,direct:mechanism
1024,315,drug_disease,2,negative,direct:mechanism
1025,315,drug_disease,2,negative,direct:mechanism
1026,315,drug_disease,2,negative,direct:mechanism
1027,1355,drug_disease,2,negative,direct:mechanism
1028,39,drug_disease,2,negative,direct:mechanism
1029,1355,drug_disease,2,negative,direct:mechanism
1030,39,drug_disease,2,negative,direct:mechanism
1031,1503,drug_disease,2,negative,direct:mechanism
1032,374,drug_disease,2,negative,direct:mechanism
1033,1507,drug_disease,2,negative,direct:mechanism
1034,1547,drug_disease,2,negative,direct:mechanism
1035,1355,drug_disease,2,negative,direct:mechanism
1035,1503,drug_disease,2,negative,direct:mechanism
1035,1506,drug_disease,2,negative,direct:mechanism
1036,987,drug_disease,2,negative,direct:mechanism
1037,605,drug_disease,2,negative,direct:mechanism
1037,1355,drug_disease,2,negative,direct:mechanism
1037,1504,drug_disease,2,negative,direct:mechanism
1038,1504,drug_disease,2,negative,direct:mechanism
1039,1505,drug_disease,2,negative,direct:mechanism
1040,1355,drug_disease,2,negative,direct:mechanism
1041,374,drug_disease,2,negative,direct:mechanism
1042,39,drug_disease,2,negative,direct:mechanism
1042,1355,drug_disease,2,negative,direct:mechanism
1043,1355,drug_disease,2,negative,direct:mechanism
1044,1925,drug_disease,2,negative,direct:mechanism
1045,1355,drug_disease,2,negative,direct:mechanism
1046,1355,drug_disease,2,negative,direct:mechanism
1047,1651,drug_disease,2,negative,direct:mechanism
1047,1503,drug_disease,2,negative,direct:mechanism
1047,1508,drug_disease,2,negative,direct:mechanism
1047,1647,drug_disease,2,negative,direct:mechanism
1047,1507,drug_disease,2,negative,direct:mechanism
1048,1355,drug_disease,2,negative,direct:mechanism
1048,1503,drug_disease,2,negative,direct:mechanism
1049,1926,drug_disease,2,negative,direct:mechanism
1049,1927,drug_disease,2,negative,direct:mechanism
1050,1355,drug_disease,2,negative,direct:mechanism
1050,1504,drug_disease,2,negative,direct:mechanism
1050,1638,drug_disease,2,negative,direct:mechanism
1050,1647,drug_disease,2,negative,direct:mechanism
955,1790,drug_disease,1,positive,direct:therapeutic
1051,1866,drug_disease,1,positive,direct:therapeutic
1051,1902,drug_disease,1,positive,direct:therapeutic
1051,1573,drug_disease,1,positive,direct:therapeutic
1051,1507,drug_disease,1,positive,direct:therapeutic
1051,1518,drug_disease,1,positive,direct:therapeutic
1052,1514,drug_disease,1,positive,direct:therapeutic
1052,1592,drug_disease,1,positive,direct:therapeutic
1052,1594,drug_disease,1,positive,direct:therapeutic
1053,1355,drug_disease,1,positive,direct:therapeutic
958,1519,drug_disease,1,positive,direct:therapeutic
958,573,drug_disease,1,positive,direct:therapeutic
958,1355,drug_disease,1,positive,direct:therapeutic
1054,1859,drug_disease,1,positive,direct:therapeutic
1047,1859,drug_disease,1,positive,direct:therapeutic
958,1859,drug_disease,1,positive,direct:therapeutic
958,1659,drug_disease,1,positive,direct:therapeutic
958,1552,drug_disease,1,positive,direct:therapeutic
958,1504,drug_disease,1,positive,direct:therapeutic
958,1674,drug_disease,1,positive,direct:therapeutic
958,1503,drug_disease,1,positive,direct:therapeutic
958,1815,drug_disease,1,positive,direct:therapeutic
958,1581,drug_disease,1,positive,direct:therapeutic
958,1728,drug_disease,1,positive,direct:therapeutic
958,1535,drug_disease,1,positive,direct:therapeutic
958,1811,drug_disease,1,positive,direct:therapeutic
958,1507,drug_disease,1,positive,direct:therapeutic
958,1506,drug_disease,1,positive,direct:therapeutic
958,1819,drug_disease,1,positive,direct:therapeutic
958,1527,drug_disease,1,positive,direct:therapeutic
958,1928,drug_disease,1,positive,direct:therapeutic
959,887,drug_disease,1,positive,direct:therapeutic
959,1596,drug_disease,1,positive,direct:therapeutic
1055,38,drug_disease,1,positive,direct:therapeutic
1055,1560,drug_disease,1,positive,direct:therapeutic
961,1600,drug_disease,1,positive,direct:therapeutic
961,1929,drug_disease,1,positive,direct:therapeutic
961,1542,drug_disease,1,positive,direct:therapeutic
961,1557,drug_disease,1,positive,direct:therapeutic
961,1545,drug_disease,1,positive,direct:therapeutic
961,1622,drug_disease,1,positive,direct:therapeutic
961,1666,drug_disease,1,positive,direct:therapeutic
961,1589,drug_disease,1,positive,direct:therapeutic
961,1743,drug_disease,1,positive,direct:therapeutic
961,1930,drug_disease,1,positive,direct:therapeutic
963,1594,drug_disease,1,positive,direct:therapeutic
1056,1931,drug_disease,1,positive,direct:therapeutic
1056,1666,drug_disease,1,positive,direct:therapeutic
1056,1932,drug_disease,1,positive,direct:therapeutic
1057,1933,drug_disease,1,positive,direct:therapeutic
966,1790,drug_disease,1,positive,direct:therapeutic
966,1535,drug_disease,1,positive,direct:therapeutic
966,1933,drug_disease,1,positive,direct:therapeutic
966,1934,drug_disease,1,positive,direct:therapeutic
967,906,drug_disease,1,positive,direct:therapeutic
967,1828,drug_disease,1,positive,direct:therapeutic
967,1814,drug_disease,1,positive,direct:therapeutic
967,897,drug_disease,1,positive,direct:therapeutic
967,1935,drug_disease,1,positive,direct:therapeutic
967,1816,drug_disease,1,positive,direct:therapeutic
967,1536,drug_disease,1,positive,direct:therapeutic
967,1505,drug_disease,1,positive,direct:therapeutic
967,1537,drug_disease,1,positive,direct:therapeutic
967,1768,drug_disease,1,positive,direct:therapeutic
967,1936,drug_disease,1,positive,direct:therapeutic
1058,1355,drug_disease,1,positive,direct:therapeutic
1059,1529,drug_disease,1,positive,direct:therapeutic
970,228,drug_disease,1,positive,direct:therapeutic
970,1937,drug_disease,1,positive,direct:therapeutic
970,1583,drug_disease,1,positive,direct:therapeutic
970,1692,drug_disease,1,positive,direct:therapeutic
970,1559,drug_disease,1,positive,direct:therapeutic
970,1513,drug_disease,1,positive,direct:therapeutic
970,1746,drug_disease,1,positive,direct:therapeutic
970,1720,drug_disease,1,positive,direct:therapeutic
971,1758,drug_disease,1,positive,direct:therapeutic
971,1697,drug_disease,1,positive,direct:therapeutic
971,1938,drug_disease,1,positive,direct:therapeutic
971,1533,drug_disease,1,positive,direct:therapeutic
971,1513,drug_disease,1,positive,direct:therapeutic
1060,1546,drug_disease,1,positive,direct:therapeutic
972,1513,drug_disease,1,positive,direct:therapeutic
974,1939,drug_disease,1,positive,direct:therapeutic
974,1549,drug_disease,1,positive,direct:therapeutic
974,1620,drug_disease,1,positive,direct:therapeutic
974,1940,drug_disease,1,positive,direct:therapeutic
974,1941,drug_disease,1,positive,direct:therapeutic
974,1666,drug_disease,1,positive,direct:therapeutic
1061,1939,drug_disease,1,positive,direct:therapeutic
1061,1942,drug_disease,1,positive,direct:therapeutic
975,1549,drug_disease,1,positive,direct:therapeutic
975,1620,drug_disease,1,positive,direct:therapeutic
976,1668,drug_disease,1,positive,direct:therapeutic
976,1532,drug_disease,1,positive,direct:therapeutic
976,1581,drug_disease,1,positive,direct:therapeutic
976,1506,drug_disease,1,positive,direct:therapeutic
1062,1355,drug_disease,1,positive,direct:therapeutic
1063,1859,drug_disease,1,positive,direct:therapeutic
1054,1355,drug_disease,1,positive,direct:therapeutic
977,1529,drug_disease,1,positive,direct:therapeutic
977,1507,drug_disease,1,positive,direct:therapeutic
977,1943,drug_disease,1,positive,direct:therapeutic
1064,1610,drug_disease,1,positive,direct:therapeutic
1064,1503,drug_disease,1,positive,direct:therapeutic
1065,1656,drug_disease,1,positive,direct:therapeutic
1066,1657,drug_disease,1,positive,direct:therapeutic
1065,1686,drug_disease,1,positive,direct:therapeutic
1065,1618,drug_disease,1,positive,direct:therapeutic
1065,1545,drug_disease,1,positive,direct:therapeutic
1067,1545,drug_disease,1,positive,direct:therapeutic
1068,1545,drug_disease,1,positive,direct:therapeutic
1069,1916,drug_disease,1,positive,direct:therapeutic
1069,1666,drug_disease,1,positive,direct:therapeutic
1070,1557,drug_disease,1,positive,direct:therapeutic
1071,1551,drug_disease,1,positive,direct:therapeutic
1071,1541,drug_disease,1,positive,direct:therapeutic
1071,1546,drug_disease,1,positive,direct:therapeutic
1071,1940,drug_disease,1,positive,direct:therapeutic
1072,1513,drug_disease,1,positive,direct:therapeutic
1073,1355,drug_disease,1,positive,direct:therapeutic
1073,1532,drug_disease,1,positive,direct:therapeutic
1073,1730,drug_disease,1,positive,direct:therapeutic
1073,1553,drug_disease,1,positive,direct:therapeutic
1073,1534,drug_disease,1,positive,direct:therapeutic
1074,1713,drug_disease,1,positive,direct:therapeutic
1074,1911,drug_disease,1,positive,direct:therapeutic
996,1898,drug_disease,1,positive,direct:therapeutic
997,1898,drug_disease,1,positive,direct:therapeutic
999,1739,drug_disease,1,positive,direct:therapeutic
1075,1535,drug_disease,1,positive,direct:therapeutic
1076,1564,drug_disease,1,positive,direct:therapeutic
1077,1939,drug_disease,1,positive,direct:therapeutic
1077,1700,drug_disease,1,positive,direct:therapeutic
1077,1852,drug_disease,1,positive,direct:therapeutic
1077,1546,drug_disease,1,positive,direct:therapeutic
1077,1564,drug_disease,1,positive,direct:therapeutic
1077,1513,drug_disease,1,positive,direct:therapeutic
1077,1533,drug_disease,1,positive,direct:therapeutic
1077,1515,drug_disease,1,positive,direct:therapeutic
1078,1563,drug_disease,1,positive,direct:therapeutic
1079,1584,drug_disease,1,positive,direct:therapeutic
1006,1545,drug_disease,1,positive,direct:therapeutic
1008,1658,drug_disease,1,positive,direct:therapeutic
1020,1600,drug_disease,1,positive,direct:therapeutic
1008,1537,drug_disease,1,positive,direct:therapeutic
1080,1692,drug_disease,1,positive,direct:therapeutic
1081,1658,drug_disease,1,positive,direct:therapeutic
1082,1944,drug_disease,1,positive,direct:therapeutic
1083,1561,drug_disease,1,positive,direct:therapeutic
1020,1945,drug_disease,1,positive,direct:therapeutic
1020,1612,drug_disease,1,positive,direct:therapeutic
1023,1622,drug_disease,1,positive,direct:therapeutic
1023,1513,drug_disease,1,positive,direct:therapeutic
1084,1897,drug_disease,1,positive,direct:therapeutic
1085,1583,drug_disease,1,positive,direct:therapeutic
1086,1912,drug_disease,1,positive,direct:therapeutic
1087,1527,drug_disease,1,positive,direct:therapeutic
1088,1553,drug_disease,1,positive,direct:therapeutic
1035,1946,drug_disease,1,positive,direct:therapeutic
1035,1747,drug_disease,1,positive,direct:therapeutic
1035,1947,drug_disease,1,positive,direct:therapeutic
1035,1948,drug_disease,1,positive,direct:therapeutic
1035,1529,drug_disease,1,positive,direct:therapeutic
1035,1949,drug_disease,1,positive,direct:therapeutic
1035,1916,drug_disease,1,positive,direct:therapeutic
1035,1781,drug_disease,1,positive,direct:therapeutic
1035,887,drug_disease,1,positive,direct:therapeutic
1035,1950,drug_disease,1,positive,direct:therapeutic
1035,1951,drug_disease,1,positive,direct:therapeutic
1035,1952,drug_disease,1,positive,direct:therapeutic
1035,1734,drug_disease,1,positive,direct:therapeutic
1035,1542,drug_disease,1,positive,direct:therapeutic
1035,1953,drug_disease,1,positive,direct:therapeutic
1035,1954,drug_disease,1,positive,direct:therapeutic
1035,1955,drug_disease,1,positive,direct:therapeutic
1035,1956,drug_disease,1,positive,direct:therapeutic
1035,1957,drug_disease,1,positive,direct:therapeutic
1035,1544,drug_disease,1,positive,direct:therapeutic
1035,1958,drug_disease,1,positive,direct:therapeutic
1035,1547,drug_disease,1,positive,direct:therapeutic
1035,1945,drug_disease,1,positive,direct:therapeutic
1035,1959,drug_disease,1,positive,direct:therapeutic
1035,1909,drug_disease,1,positive,direct:therapeutic
1035,1960,drug_disease,1,positive,direct:therapeutic
1035,1961,drug_disease,1,positive,direct:therapeutic
1035,1527,drug_disease,1,positive,direct:therapeutic
1089,1962,drug_disease,1,positive,direct:therapeutic
1089,1963,drug_disease,1,positive,direct:therapeutic
1089,1948,drug_disease,1,positive,direct:therapeutic
1089,887,drug_disease,1,positive,direct:therapeutic
1089,1195,drug_disease,1,positive,direct:therapeutic
1089,1964,drug_disease,1,positive,direct:therapeutic
1089,1965,drug_disease,1,positive,direct:therapeutic
1089,1966,drug_disease,1,positive,direct:therapeutic
1089,1967,drug_disease,1,positive,direct:therapeutic
1089,1968,drug_disease,1,positive,direct:therapeutic
1089,1667,drug_disease,1,positive,direct:therapeutic
1089,1542,drug_disease,1,positive,direct:therapeutic
1089,1953,drug_disease,1,positive,direct:therapeutic
1089,1816,drug_disease,1,positive,direct:therapeutic
1089,1955,drug_disease,1,positive,direct:therapeutic
1089,1900,drug_disease,1,positive,direct:therapeutic
1089,632,drug_disease,1,positive,direct:therapeutic
1089,1547,drug_disease,1,positive,direct:therapeutic
1089,1969,drug_disease,1,positive,direct:therapeutic
1089,1909,drug_disease,1,positive,direct:therapeutic
1089,1818,drug_disease,1,positive,direct:therapeutic
1037,1535,drug_disease,1,positive,direct:therapeutic
1089,1961,drug_disease,1,positive,direct:therapeutic
1037,1961,drug_disease,1,positive,direct:therapeutic
1090,1669,drug_disease,1,positive,direct:therapeutic
1091,1574,drug_disease,1,positive,direct:therapeutic
1091,1513,drug_disease,1,positive,direct:therapeutic
1091,315,drug_disease,1,positive,direct:therapeutic
1047,605,drug_disease,1,positive,direct:therapeutic
1047,1970,drug_disease,1,positive,direct:therapeutic
1047,1971,drug_disease,1,positive,direct:therapeutic
1047,1972,drug_disease,1,positive,direct:therapeutic
1047,1470,drug_disease,1,positive,direct:therapeutic
1047,1973,drug_disease,1,positive,direct:therapeutic
1047,1974,drug_disease,1,positive,direct:therapeutic
1047,1975,drug_disease,1,positive,direct:therapeutic
1047,1549,drug_disease,1,positive,direct:therapeutic
1047,1976,drug_disease,1,positive,direct:therapeutic
1047,1535,drug_disease,1,positive,direct:therapeutic
1047,1502,drug_disease,1,positive,direct:therapeutic
1047,1692,drug_disease,1,positive,direct:therapeutic
1047,586,drug_disease,1,positive,direct:therapeutic
1047,1977,drug_disease,1,positive,direct:therapeutic
1047,1574,drug_disease,1,positive,direct:therapeutic
1047,1978,drug_disease,1,positive,direct:therapeutic
1047,1979,drug_disease,1,positive,direct:therapeutic
1047,1140,drug_disease,1,positive,direct:therapeutic
1048,1506,drug_disease,1,positive,direct:therapeutic
1092,1733,drug_disease,1,positive,direct:therapeutic
1092,1557,drug_disease,1,positive,direct:therapeutic
1050,1548,drug_disease,1,positive,direct:therapeutic
1050,1588,drug_disease,1,positive,direct:therapeutic
1050,1730,drug_disease,1,positive,direct:therapeutic
1050,1789,drug_disease,1,positive,direct:therapeutic
1050,1533,drug_disease,1,positive,direct:therapeutic
1050,1534,drug_disease,1,positive,direct:therapeutic
1050,1505,drug_disease,1,positive,direct:therapeutic
1093,1503,drug_disease,2,negative,direct:mechanism
1094,1503,drug_disease,2,negative,direct:mechanism
1095,1355,drug_disease,2,negative,direct:mechanism
1096,1503,drug_disease,2,negative,direct:mechanism
1097,1506,drug_disease,2,negative,direct:mechanism
1098,1355,drug_disease,2,negative,direct:mechanism
1098,443,drug_disease,2,negative,direct:mechanism
1098,1512,drug_disease,2,negative,direct:mechanism
1099,1503,drug_disease,2,negative,direct:mechanism
1099,315,drug_disease,2,negative,direct:mechanism
1100,1507,drug_disease,2,negative,direct:mechanism
1101,1510,drug_disease,2,negative,direct:mechanism
1102,1510,drug_disease,2,negative,direct:mechanism
1103,1505,drug_disease,2,negative,direct:mechanism
1103,1547,drug_disease,2,negative,direct:mechanism
1104,1355,drug_disease,2,negative,direct:mechanism
1105,1506,drug_disease,2,negative,direct:mechanism
1106,1503,drug_disease,2,negative,direct:mechanism
1106,1638,drug_disease,2,negative,direct:mechanism
1106,1547,drug_disease,2,negative,direct:mechanism
1107,1504,drug_disease,2,negative,direct:mechanism
1107,1503,drug_disease,2,negative,direct:mechanism
1107,1638,drug_disease,2,negative,direct:mechanism
1107,1547,drug_disease,2,negative,direct:mechanism
1108,1503,drug_disease,2,negative,direct:mechanism
1109,1980,drug_disease,2,negative,direct:mechanism
1110,1503,drug_disease,2,negative,direct:mechanism
1111,374,drug_disease,2,negative,direct:mechanism
1112,374,drug_disease,2,negative,direct:mechanism
1113,1503,drug_disease,2,negative,direct:mechanism
1114,39,drug_disease,2,negative,direct:mechanism
1115,1355,drug_disease,2,negative,direct:mechanism
1116,1507,drug_disease,2,negative,direct:mechanism
1117,1355,drug_disease,2,negative,direct:mechanism
1118,1355,drug_disease,2,negative,direct:mechanism
1119,1610,drug_disease,2,negative,direct:mechanism
1119,1503,drug_disease,2,negative,direct:mechanism
1120,605,drug_disease,2,negative,direct:mechanism
1121,1610,drug_disease,2,negative,direct:mechanism
1122,1355,drug_disease,2,negative,direct:mechanism
1123,1510,drug_disease,2,negative,direct:mechanism
1124,1355,drug_disease,2,negative,direct:mechanism
1125,1503,drug_disease,2,negative,direct:mechanism
1125,1507,drug_disease,2,negative,direct:mechanism
1126,1355,drug_disease,2,negative,direct:mechanism
1126,1507,drug_disease,2,negative,direct:mechanism
1127,1355,drug_disease,2,negative,direct:mechanism
1128,1638,drug_disease,2,negative,direct:mechanism
1128,1547,drug_disease,2,negative,direct:mechanism
1129,1504,drug_disease,2,negative,direct:mechanism
1129,1503,drug_disease,2,negative,direct:mechanism
1129,315,drug_disease,2,negative,direct:mechanism
1130,1503,drug_disease,2,negative,direct:mechanism
1130,1508,drug_disease,2,negative,direct:mechanism
1130,1638,drug_disease,2,negative,direct:mechanism
1131,39,drug_disease,2,negative,direct:mechanism
1132,1355,drug_disease,2,negative,direct:mechanism
1133,39,drug_disease,2,negative,direct:mechanism
1134,1639,drug_disease,2,negative,direct:mechanism
1134,315,drug_disease,2,negative,direct:mechanism
1135,1506,drug_disease,2,negative,direct:mechanism
1136,1503,drug_disease,2,negative,direct:mechanism
1137,1510,drug_disease,2,negative,direct:mechanism
1138,1981,drug_disease,2,negative,direct:mechanism
1139,39,drug_disease,2,negative,direct:mechanism
1140,315,drug_disease,2,negative,direct:mechanism
1141,605,drug_disease,2,negative,direct:mechanism
1141,1504,drug_disease,2,negative,direct:mechanism
1142,1355,drug_disease,2,negative,direct:mechanism
1143,1797,drug_disease,2,negative,direct:mechanism
1144,1507,drug_disease,2,negative,direct:mechanism
1145,1982,drug_disease,2,negative,direct:mechanism
1146,1638,drug_disease,2,negative,direct:mechanism
1147,1983,drug_disease,2,negative,direct:mechanism
1148,1503,drug_disease,2,negative,direct:mechanism
1149,1502,drug_disease,2,negative,direct:mechanism
1150,1547,drug_disease,2,negative,direct:mechanism
1151,1355,drug_disease,2,negative,direct:mechanism
1152,1794,drug_disease,2,negative,direct:mechanism
1153,1505,drug_disease,2,negative,direct:mechanism
1154,1355,drug_disease,2,negative,direct:mechanism
1155,1984,drug_disease,2,negative,direct:mechanism
1156,605,drug_disease,2,negative,direct:mechanism
1156,1504,drug_disease,2,negative,direct:mechanism
1157,1355,drug_disease,2,negative,direct:mechanism
1158,1502,drug_disease,2,negative,direct:mechanism
1159,1503,drug_disease,2,negative,direct:mechanism
1159,1638,drug_disease,2,negative,direct:mechanism
1160,1355,drug_disease,2,negative,direct:mechanism
1161,1507,drug_disease,2,negative,direct:mechanism
1162,39,drug_disease,2,negative,direct:mechanism
1163,374,drug_disease,2,negative,direct:mechanism
1164,1355,drug_disease,2,negative,direct:mechanism
1050,1547,drug_disease,1,positive,direct:therapeutic
1165,1692,drug_disease,1,positive,direct:therapeutic
1165,1580,drug_disease,1,positive,direct:therapeutic
1165,1845,drug_disease,1,positive,direct:therapeutic
1093,1519,drug_disease,1,positive,direct:therapeutic
1093,1529,drug_disease,1,positive,direct:therapeutic
1093,38,drug_disease,1,positive,direct:therapeutic
1093,1852,drug_disease,1,positive,direct:therapeutic
1093,1985,drug_disease,1,positive,direct:therapeutic
1093,1588,drug_disease,1,positive,direct:therapeutic
1093,1865,drug_disease,1,positive,direct:therapeutic
1093,1534,drug_disease,1,positive,direct:therapeutic
1093,1816,drug_disease,1,positive,direct:therapeutic
1093,1986,drug_disease,1,positive,direct:therapeutic
1093,1545,drug_disease,1,positive,direct:therapeutic
1093,92,drug_disease,1,positive,direct:therapeutic
1093,1987,drug_disease,1,positive,direct:therapeutic
1093,1547,drug_disease,1,positive,direct:therapeutic
1093,1821,drug_disease,1,positive,direct:therapeutic
1094,1988,drug_disease,1,positive,direct:therapeutic
1166,1503,drug_disease,1,positive,direct:therapeutic
1167,1541,drug_disease,1,positive,direct:therapeutic
1167,1989,drug_disease,1,positive,direct:therapeutic
1168,1990,drug_disease,1,positive,direct:therapeutic
1168,1811,drug_disease,1,positive,direct:therapeutic
1169,1990,drug_disease,1,positive,direct:therapeutic
1169,1811,drug_disease,1,positive,direct:therapeutic
1170,1519,drug_disease,1,positive,direct:therapeutic
1171,1991,drug_disease,1,positive,direct:therapeutic
1172,1992,drug_disease,1,positive,direct:therapeutic
1173,1553,drug_disease,1,positive,direct:therapeutic
1173,1532,drug_disease,1,positive,direct:therapeutic
1174,1829,drug_disease,1,positive,direct:therapeutic
1174,1548,drug_disease,1,positive,direct:therapeutic
1097,1355,drug_disease,1,positive,direct:therapeutic
1097,1664,drug_disease,1,positive,direct:therapeutic
1097,1790,drug_disease,1,positive,direct:therapeutic
1097,1743,drug_disease,1,positive,direct:therapeutic
1175,1544,drug_disease,1,positive,direct:therapeutic
1176,1548,drug_disease,1,positive,direct:therapeutic
1177,1509,drug_disease,1,positive,direct:therapeutic
1099,1862,drug_disease,1,positive,direct:therapeutic
1099,1684,drug_disease,1,positive,direct:therapeutic
1099,1993,drug_disease,1,positive,direct:therapeutic
1178,1098,drug_disease,1,positive,direct:therapeutic
1178,1914,drug_disease,1,positive,direct:therapeutic
1179,1578,drug_disease,1,positive,direct:therapeutic
1180,1707,drug_disease,1,positive,direct:therapeutic
1180,1994,drug_disease,1,positive,direct:therapeutic
1180,1917,drug_disease,1,positive,direct:therapeutic
1103,1995,drug_disease,1,positive,direct:therapeutic
1103,1558,drug_disease,1,positive,direct:therapeutic
1181,1355,drug_disease,1,positive,direct:therapeutic
1182,1995,drug_disease,1,positive,direct:therapeutic
1183,1996,drug_disease,1,positive,direct:therapeutic
1184,1996,drug_disease,1,positive,direct:therapeutic
1185,1911,drug_disease,1,positive,direct:therapeutic
1185,1996,drug_disease,1,positive,direct:therapeutic
1186,1583,drug_disease,1,positive,direct:therapeutic
1107,1798,drug_disease,1,positive,direct:therapeutic
1107,1355,drug_disease,1,positive,direct:therapeutic
1108,1678,drug_disease,1,positive,direct:therapeutic
1108,1627,drug_disease,1,positive,direct:therapeutic
1108,1904,drug_disease,1,positive,direct:therapeutic
1108,1997,drug_disease,1,positive,direct:therapeutic
1187,1606,drug_disease,1,positive,direct:therapeutic
1110,853,drug_disease,1,positive,direct:therapeutic
1110,1605,drug_disease,1,positive,direct:therapeutic
1188,1515,drug_disease,1,positive,direct:therapeutic
1188,1998,drug_disease,1,positive,direct:therapeutic
1189,1999,drug_disease,1,positive,direct:therapeutic
1189,1730,drug_disease,1,positive,direct:therapeutic
1189,1583,drug_disease,1,positive,direct:therapeutic
1190,1852,drug_disease,1,positive,direct:therapeutic
1191,1814,drug_disease,1,positive,direct:therapeutic
1191,1564,drug_disease,1,positive,direct:therapeutic
1191,1533,drug_disease,1,positive,direct:therapeutic
1116,1855,drug_disease,1,positive,direct:therapeutic
1116,1584,drug_disease,1,positive,direct:therapeutic
1192,1592,drug_disease,1,positive,direct:therapeutic
1193,1845,drug_disease,1,positive,direct:therapeutic
1194,1868,drug_disease,1,positive,direct:therapeutic
1195,1514,drug_disease,1,positive,direct:therapeutic
1196,1752,drug_disease,1,positive,direct:therapeutic
1196,1788,drug_disease,1,positive,direct:therapeutic
1196,1786,drug_disease,1,positive,direct:therapeutic
1197,1514,drug_disease,1,positive,direct:therapeutic
1198,1645,drug_disease,1,positive,direct:therapeutic
1199,1808,drug_disease,1,positive,direct:therapeutic
1200,1594,drug_disease,1,positive,direct:therapeutic
1201,1835,drug_disease,1,positive,direct:therapeutic
1201,1558,drug_disease,1,positive,direct:therapeutic
1202,1619,drug_disease,1,positive,direct:therapeutic
1203,2000,drug_disease,1,positive,direct:therapeutic
1203,1524,drug_disease,1,positive,direct:therapeutic
1128,887,drug_disease,1,positive,direct:therapeutic
1204,1612,drug_disease,1,positive,direct:therapeutic
1205,1564,drug_disease,1,positive,direct:therapeutic
1206,1564,drug_disease,1,positive,direct:therapeutic
1207,1355,drug_disease,1,positive,direct:therapeutic
1207,1730,drug_disease,1,positive,direct:therapeutic
1208,1815,drug_disease,1,positive,direct:therapeutic
1208,1536,drug_disease,1,positive,direct:therapeutic
1209,2001,drug_disease,1,positive,direct:therapeutic
1209,2002,drug_disease,1,positive,direct:therapeutic
1210,1852,drug_disease,1,positive,direct:therapeutic
1211,2003,drug_disease,1,positive,direct:therapeutic
1212,1694,drug_disease,1,positive,direct:therapeutic
1148,1730,drug_disease,1,positive,direct:therapeutic
1148,1534,drug_disease,1,positive,direct:therapeutic
1148,1845,drug_disease,1,positive,direct:therapeutic
1213,2004,drug_disease,1,positive,direct:therapeutic
1214,1355,drug_disease,1,positive,direct:therapeutic
1215,1355,drug_disease,1,positive,direct:therapeutic
1215,1535,drug_disease,1,positive,direct:therapeutic
1156,2005,drug_disease,1,positive,direct:therapeutic
1216,1533,drug_disease,1,positive,direct:therapeutic
1216,1944,drug_disease,1,positive,direct:therapeutic
1217,38,drug_disease,1,positive,direct:therapeutic
1158,2006,drug_disease,1,positive,direct:therapeutic
1158,1758,drug_disease,1,positive,direct:therapeutic
1218,2007,drug_disease,1,positive,direct:therapeutic
1219,1929,drug_disease,1,positive,direct:therapeutic
1219,1746,drug_disease,1,positive,direct:therapeutic
1219,2008,drug_disease,1,positive,direct:therapeutic
1220,1355,drug_disease,1,positive,direct:therapeutic
1220,1731,drug_disease,1,positive,direct:therapeutic
1221,1519,drug_disease,1,positive,direct:therapeutic
1222,1533,drug_disease,1,positive,direct:therapeutic
1223,1355,drug_disease,2,negative,direct:mechanism
1224,1504,drug_disease,2,negative,direct:mechanism
1225,374,drug_disease,2,negative,direct:mechanism
1226,605,drug_disease,2,negative,direct:mechanism
1227,39,drug_disease,2,negative,direct:mechanism
1228,1355,drug_disease,2,negative,direct:mechanism
1229,605,drug_disease,2,negative,direct:mechanism
1230,1355,drug_disease,2,negative,direct:mechanism
1231,1504,drug_disease,2,negative,direct:mechanism
1232,605,drug_disease,2,negative,direct:mechanism
1233,605,drug_disease,2,negative,direct:mechanism
1234,1355,drug_disease,2,negative,direct:mechanism
1235,1355,drug_disease,2,negative,direct:mechanism
1236,2009,drug_disease,2,negative,direct:mechanism
1237,1509,drug_disease,2,negative,direct:mechanism
1238,1509,drug_disease,2,negative,direct:mechanism
1238,1507,drug_disease,2,negative,direct:mechanism
1239,1504,drug_disease,2,negative,direct:mechanism
1240,1509,drug_disease,2,negative,direct:mechanism
1241,1509,drug_disease,2,negative,direct:mechanism
1242,2010,drug_disease,2,negative,direct:mechanism
1242,2009,drug_disease,2,negative,direct:mechanism
1243,315,drug_disease,2,negative,direct:mechanism
1244,1505,drug_disease,2,negative,direct:mechanism
1245,1503,drug_disease,2,negative,direct:mechanism
1246,1355,drug_disease,2,negative,direct:mechanism
1246,1504,drug_disease,2,negative,direct:mechanism
1247,1504,drug_disease,2,negative,direct:mechanism
1248,1355,drug_disease,2,negative,direct:mechanism
1249,315,drug_disease,2,negative,direct:mechanism
1250,315,drug_disease,2,negative,direct:mechanism
1251,315,drug_disease,2,negative,direct:mechanism
1252,1509,drug_disease,2,negative,direct:mechanism
1253,1355,drug_disease,2,negative,direct:mechanism
1254,605,drug_disease,2,negative,direct:mechanism
1254,1355,drug_disease,2,negative,direct:mechanism
1254,1504,drug_disease,2,negative,direct:mechanism
1254,1503,drug_disease,2,negative,direct:mechanism
1255,39,drug_disease,2,negative,direct:mechanism
1255,1355,drug_disease,2,negative,direct:mechanism
1255,1503,drug_disease,2,negative,direct:mechanism
1256,1503,drug_disease,2,negative,direct:mechanism
1257,1355,drug_disease,2,negative,direct:mechanism
1257,1505,drug_disease,2,negative,direct:mechanism
1258,1355,drug_disease,2,negative,direct:mechanism
1259,39,drug_disease,2,negative,direct:mechanism
1260,1503,drug_disease,2,negative,direct:mechanism
1261,1507,drug_disease,2,negative,direct:mechanism
1262,2011,drug_disease,2,negative,direct:mechanism
1263,1355,drug_disease,2,negative,direct:mechanism
1264,605,drug_disease,2,negative,direct:mechanism
1264,1355,drug_disease,2,negative,direct:mechanism
1264,1504,drug_disease,2,negative,direct:mechanism
1265,1638,drug_disease,2,negative,direct:mechanism
1266,1638,drug_disease,2,negative,direct:mechanism
1267,39,drug_disease,2,negative,direct:mechanism
1268,1355,drug_disease,2,negative,direct:mechanism
1268,1736,drug_disease,2,negative,direct:mechanism
1269,1506,drug_disease,2,negative,direct:mechanism
1270,39,drug_disease,2,negative,direct:mechanism
1271,1506,drug_disease,2,negative,direct:mechanism
1272,2012,drug_disease,2,negative,direct:mechanism
1273,1547,drug_disease,2,negative,direct:mechanism
1274,1646,drug_disease,2,negative,direct:mechanism
1275,1355,drug_disease,2,negative,direct:mechanism
1276,1355,drug_disease,2,negative,direct:mechanism
1276,1547,drug_disease,2,negative,direct:mechanism
1277,1355,drug_disease,2,negative,direct:mechanism
1278,2013,drug_disease,2,negative,direct:mechanism
1279,1355,drug_disease,2,negative,direct:mechanism
1280,2014,drug_disease,2,negative,direct:mechanism
1280,2015,drug_disease,2,negative,direct:mechanism
1281,2016,drug_disease,2,negative,direct:mechanism
1282,315,drug_disease,2,negative,direct:mechanism
1283,39,drug_disease,2,negative,direct:mechanism
1284,2017,drug_disease,2,negative,direct:mechanism
1285,1355,drug_disease,2,negative,direct:mechanism
1286,1355,drug_disease,2,negative,direct:mechanism
1287,1503,drug_disease,2,negative,direct:mechanism
1288,1638,drug_disease,2,negative,direct:mechanism
1289,1355,drug_disease,2,negative,direct:mechanism
1289,1507,drug_disease,2,negative,direct:mechanism
1290,1504,drug_disease,2,negative,direct:mechanism
1291,1355,drug_disease,2,negative,direct:mechanism
1292,2018,drug_disease,2,negative,direct:mechanism
1293,2019,drug_disease,2,negative,direct:mechanism
1293,1547,drug_disease,2,negative,direct:mechanism
1294,2020,drug_disease,2,negative,direct:mechanism
1295,605,drug_disease,2,negative,direct:mechanism
1295,1355,drug_disease,2,negative,direct:mechanism
1295,1504,drug_disease,2,negative,direct:mechanism
1296,1519,drug_disease,2,negative,direct:mechanism
1297,1519,drug_disease,2,negative,direct:mechanism
1298,605,drug_disease,2,negative,direct:mechanism
1299,1505,drug_disease,2,negative,direct:mechanism
1300,605,drug_disease,2,negative,direct:mechanism
1300,1519,drug_disease,2,negative,direct:mechanism
1300,1638,drug_disease,2,negative,direct:mechanism
1301,1355,drug_disease,2,negative,direct:mechanism
1302,1506,drug_disease,2,negative,direct:mechanism
1303,1547,drug_disease,2,negative,direct:mechanism
1304,1547,drug_disease,2,negative,direct:mechanism
1305,1547,drug_disease,2,negative,direct:mechanism
1306,1506,drug_disease,2,negative,direct:mechanism
1307,1504,drug_disease,2,negative,direct:mechanism
1308,605,drug_disease,2,negative,direct:mechanism
1308,1610,drug_disease,2,negative,direct:mechanism
1308,1504,drug_disease,2,negative,direct:mechanism
1308,1503,drug_disease,2,negative,direct:mechanism
1308,1547,drug_disease,2,negative,direct:mechanism
1309,605,drug_disease,2,negative,direct:mechanism
1309,1557,drug_disease,2,negative,direct:mechanism
1309,1547,drug_disease,2,negative,direct:mechanism
1310,1355,drug_disease,2,negative,direct:mechanism
1311,1355,drug_disease,2,negative,direct:mechanism
1312,1355,drug_disease,2,negative,direct:mechanism
1313,1355,drug_disease,2,negative,direct:mechanism
1314,1355,drug_disease,2,negative,direct:mechanism
1315,1793,drug_disease,1,positive,direct:therapeutic
1316,1600,drug_disease,1,positive,direct:therapeutic
1316,1871,drug_disease,1,positive,direct:therapeutic
1316,1603,drug_disease,1,positive,direct:therapeutic
1316,1628,drug_disease,1,positive,direct:therapeutic
1226,1861,drug_disease,1,positive,direct:therapeutic
1226,1761,drug_disease,1,positive,direct:therapeutic
1226,1553,drug_disease,1,positive,direct:therapeutic
1226,1503,drug_disease,1,positive,direct:therapeutic
1226,1576,drug_disease,1,positive,direct:therapeutic
1226,1535,drug_disease,1,positive,direct:therapeutic
1226,1557,drug_disease,1,positive,direct:therapeutic
1226,1505,drug_disease,1,positive,direct:therapeutic
1226,1545,drug_disease,1,positive,direct:therapeutic
1226,1589,drug_disease,1,positive,direct:therapeutic
1226,1408,drug_disease,1,positive,direct:therapeutic
1226,1580,drug_disease,1,positive,direct:therapeutic
1226,1885,drug_disease,1,positive,direct:therapeutic
1226,1555,drug_disease,1,positive,direct:therapeutic
1226,2021,drug_disease,1,positive,direct:therapeutic
1226,1818,drug_disease,1,positive,direct:therapeutic
1317,1548,drug_disease,1,positive,direct:therapeutic
1317,1730,drug_disease,1,positive,direct:therapeutic
1318,1547,drug_disease,1,positive,direct:therapeutic
1227,2022,drug_disease,1,positive,direct:therapeutic
1227,1517,drug_disease,1,positive,direct:therapeutic
1319,1509,drug_disease,1,positive,direct:therapeutic
1319,1545,drug_disease,1,positive,direct:therapeutic
1320,1743,drug_disease,1,positive,direct:therapeutic
1321,1611,drug_disease,1,positive,direct:therapeutic
1321,1545,drug_disease,1,positive,direct:therapeutic
1322,1581,drug_disease,1,positive,direct:therapeutic
1323,1732,drug_disease,1,positive,direct:therapeutic
1322,1512,drug_disease,1,positive,direct:therapeutic
1324,1587,drug_disease,1,positive,direct:therapeutic
1325,1534,drug_disease,1,positive,direct:therapeutic
1323,1561,drug_disease,1,positive,direct:therapeutic
1326,1514,drug_disease,1,positive,direct:therapeutic
1327,1672,drug_disease,1,positive,direct:therapeutic
1328,1549,drug_disease,1,positive,direct:therapeutic
1328,2023,drug_disease,1,positive,direct:therapeutic
1323,1514,drug_disease,1,positive,direct:therapeutic
1323,1877,drug_disease,1,positive,direct:therapeutic
1323,38,drug_disease,1,positive,direct:therapeutic
1323,1692,drug_disease,1,positive,direct:therapeutic
1323,1594,drug_disease,1,positive,direct:therapeutic
1323,1746,drug_disease,1,positive,direct:therapeutic
1329,315,drug_disease,1,positive,direct:therapeutic
1330,2022,drug_disease,1,positive,direct:therapeutic
1330,1517,drug_disease,1,positive,direct:therapeutic
1245,1547,drug_disease,1,positive,direct:therapeutic
1248,1547,drug_disease,1,positive,direct:therapeutic
1250,1782,drug_disease,1,positive,direct:therapeutic
1331,2024,drug_disease,1,positive,direct:therapeutic
1332,1581,drug_disease,1,positive,direct:therapeutic
1252,410,drug_disease,1,positive,direct:therapeutic
1333,1547,drug_disease,1,positive,direct:therapeutic
1254,887,drug_disease,1,positive,direct:therapeutic
1254,1658,drug_disease,1,positive,direct:therapeutic
1254,1522,drug_disease,1,positive,direct:therapeutic
1254,1732,drug_disease,1,positive,direct:therapeutic
1254,1618,drug_disease,1,positive,direct:therapeutic
1254,1816,drug_disease,1,positive,direct:therapeutic
1254,1543,drug_disease,1,positive,direct:therapeutic
1254,1544,drug_disease,1,positive,direct:therapeutic
1254,1507,drug_disease,1,positive,direct:therapeutic
1254,2025,drug_disease,1,positive,direct:therapeutic
1254,2026,drug_disease,1,positive,direct:therapeutic
1254,1873,drug_disease,1,positive,direct:therapeutic
1254,1812,drug_disease,1,positive,direct:therapeutic
1254,1563,drug_disease,1,positive,direct:therapeutic
1255,1758,drug_disease,1,positive,direct:therapeutic
1255,1521,drug_disease,1,positive,direct:therapeutic
1255,2027,drug_disease,1,positive,direct:therapeutic
1255,2028,drug_disease,1,positive,direct:therapeutic
1255,1664,drug_disease,1,positive,direct:therapeutic
1255,1534,drug_disease,1,positive,direct:therapeutic
1255,1816,drug_disease,1,positive,direct:therapeutic
1255,1647,drug_disease,1,positive,direct:therapeutic
1255,1544,drug_disease,1,positive,direct:therapeutic
1255,1545,drug_disease,1,positive,direct:therapeutic
1255,2029,drug_disease,1,positive,direct:therapeutic
1255,1812,drug_disease,1,positive,direct:therapeutic
1256,1355,drug_disease,1,positive,direct:therapeutic
1256,985,drug_disease,1,positive,direct:therapeutic
1256,1507,drug_disease,1,positive,direct:therapeutic
1256,1517,drug_disease,1,positive,direct:therapeutic
1334,1583,drug_disease,1,positive,direct:therapeutic
1261,1584,drug_disease,1,positive,direct:therapeutic
1335,1526,drug_disease,1,positive,direct:therapeutic
1336,1542,drug_disease,1,positive,direct:therapeutic
1337,1992,drug_disease,1,positive,direct:therapeutic
1264,1697,drug_disease,1,positive,direct:therapeutic
1264,1515,drug_disease,1,positive,direct:therapeutic
1264,1584,drug_disease,1,positive,direct:therapeutic
1264,1637,drug_disease,1,positive,direct:therapeutic
1338,1734,drug_disease,1,positive,direct:therapeutic
1339,1611,drug_disease,1,positive,direct:therapeutic
1340,1561,drug_disease,1,positive,direct:therapeutic
1341,2030,drug_disease,1,positive,direct:therapeutic
1341,1554,drug_disease,1,positive,direct:therapeutic
1341,1816,drug_disease,1,positive,direct:therapeutic
1341,1642,drug_disease,1,positive,direct:therapeutic
1341,1561,drug_disease,1,positive,direct:therapeutic
1341,1560,drug_disease,1,positive,direct:therapeutic
1341,1809,drug_disease,1,positive,direct:therapeutic
1341,1171,drug_disease,1,positive,direct:therapeutic
1342,1612,drug_disease,1,positive,direct:therapeutic
1343,1728,drug_disease,1,positive,direct:therapeutic
1273,1603,drug_disease,1,positive,direct:therapeutic
1344,2031,drug_disease,1,positive,direct:therapeutic
1344,1573,drug_disease,1,positive,direct:therapeutic
1344,1517,drug_disease,1,positive,direct:therapeutic
1345,1729,drug_disease,1,positive,direct:therapeutic
1346,1564,drug_disease,1,positive,direct:therapeutic
1347,1668,drug_disease,1,positive,direct:therapeutic
1347,1730,drug_disease,1,positive,direct:therapeutic
1347,1533,drug_disease,1,positive,direct:therapeutic
1347,1534,drug_disease,1,positive,direct:therapeutic
1347,1580,drug_disease,1,positive,direct:therapeutic
1347,1845,drug_disease,1,positive,direct:therapeutic
1348,2007,drug_disease,1,positive,direct:therapeutic
1349,1591,drug_disease,1,positive,direct:therapeutic
1350,1600,drug_disease,1,positive,direct:therapeutic
1350,1860,drug_disease,1,positive,direct:therapeutic
1350,1525,drug_disease,1,positive,direct:therapeutic
1282,1551,drug_disease,1,positive,direct:therapeutic
1292,1593,drug_disease,1,positive,direct:therapeutic
1292,1746,drug_disease,1,positive,direct:therapeutic
1292,2032,drug_disease,1,positive,direct:therapeutic
1293,1692,drug_disease,1,positive,direct:therapeutic
1351,1514,drug_disease,1,positive,direct:therapeutic
1298,1872,drug_disease,1,positive,direct:therapeutic
1352,1747,drug_disease,1,positive,direct:therapeutic
1352,1734,drug_disease,1,positive,direct:therapeutic
1352,1961,drug_disease,1,positive,direct:therapeutic
1299,2033,drug_disease,1,positive,direct:therapeutic
1353,1533,drug_disease,1,positive,direct:therapeutic
1353,1557,drug_disease,1,positive,direct:therapeutic
1353,1872,drug_disease,1,positive,direct:therapeutic
1353,1545,drug_disease,1,positive,direct:therapeutic
1353,1746,drug_disease,1,positive,direct:therapeutic
1353,1537,drug_disease,1,positive,direct:therapeutic
1353,1619,drug_disease,1,positive,direct:therapeutic
1300,228,drug_disease,1,positive,direct:therapeutic
1300,1700,drug_disease,1,positive,direct:therapeutic
1300,2034,drug_disease,1,positive,direct:therapeutic
1300,2035,drug_disease,1,positive,direct:therapeutic
1300,2036,drug_disease,1,positive,direct:therapeutic
1300,2037,drug_disease,1,positive,direct:therapeutic
1354,308,drug_disease,1,positive,direct:therapeutic
1354,1535,drug_disease,1,positive,direct:therapeutic
1354,1559,drug_disease,1,positive,direct:therapeutic
1355,1559,drug_disease,1,positive,direct:therapeutic
1356,2038,drug_disease,1,positive,direct:therapeutic
1357,1850,drug_disease,1,positive,direct:therapeutic
1357,1645,drug_disease,1,positive,direct:therapeutic
1358,2039,drug_disease,1,positive,direct:therapeutic
1358,1504,drug_disease,1,positive,direct:therapeutic
1358,1656,drug_disease,1,positive,direct:therapeutic
1358,2040,drug_disease,1,positive,direct:therapeutic
1303,1514,drug_disease,1,positive,direct:therapeutic
1359,38,drug_disease,1,positive,direct:therapeutic
1360,1514,drug_disease,1,positive,direct:therapeutic
1361,1521,drug_disease,1,positive,direct:therapeutic
1361,1355,drug_disease,1,positive,direct:therapeutic
1362,1545,drug_disease,1,positive,direct:therapeutic
1363,1558,drug_disease,1,positive,direct:therapeutic
1306,1558,drug_disease,1,positive,direct:therapeutic
1364,1914,drug_disease,1,positive,direct:therapeutic
1365,1557,drug_disease,2,negative,direct:mechanism
1366,605,drug_disease,2,negative,direct:mechanism
1366,39,drug_disease,2,negative,direct:mechanism
1366,1610,drug_disease,2,negative,direct:mechanism
1366,1504,drug_disease,2,negative,direct:mechanism
1366,1503,drug_disease,2,negative,direct:mechanism
1366,1638,drug_disease,2,negative,direct:mechanism
1366,1502,drug_disease,2,negative,direct:mechanism
1366,1509,drug_disease,2,negative,direct:mechanism
1366,1642,drug_disease,2,negative,direct:mechanism
1366,1507,drug_disease,2,negative,direct:mechanism
1366,1547,drug_disease,2,negative,direct:mechanism
1367,39,drug_disease,2,negative,direct:mechanism
1368,605,drug_disease,2,negative,direct:mechanism
1369,1503,drug_disease,2,negative,direct:mechanism
1369,1557,drug_disease,2,negative,direct:mechanism
1370,39,drug_disease,2,negative,direct:mechanism
1371,1503,drug_disease,2,negative,direct:mechanism
1371,1507,drug_disease,2,negative,direct:mechanism
1372,1504,drug_disease,2,negative,direct:mechanism
1373,605,drug_disease,2,negative,direct:mechanism
1373,39,drug_disease,2,negative,direct:mechanism
1373,1610,drug_disease,2,negative,direct:mechanism
1374,39,drug_disease,2,negative,direct:mechanism
1375,39,drug_disease,2,negative,direct:mechanism
1376,374,drug_disease,2,negative,direct:mechanism
1377,2041,drug_disease,2,negative,direct:mechanism
1378,1610,drug_disease,2,negative,direct:mechanism
1378,1504,drug_disease,2,negative,direct:mechanism
1378,1503,drug_disease,2,negative,direct:mechanism
1379,1503,drug_disease,2,negative,direct:mechanism
1380,1651,drug_disease,2,negative,direct:mechanism
1381,2042,drug_disease,2,negative,direct:mechanism
1382,605,drug_disease,2,negative,direct:mechanism
1382,1355,drug_disease,2,negative,direct:mechanism
1382,1504,drug_disease,2,negative,direct:mechanism
1383,1355,drug_disease,2,negative,direct:mechanism
1384,1355,drug_disease,2,negative,direct:mechanism
1385,1503,drug_disease,2,negative,direct:mechanism
1386,1504,drug_disease,2,negative,direct:mechanism
1387,1355,drug_disease,2,negative,direct:mechanism
1388,39,drug_disease,2,negative,direct:mechanism
1389,1503,drug_disease,2,negative,direct:mechanism
1390,605,drug_disease,2,negative,direct:mechanism
1391,605,drug_disease,2,negative,direct:mechanism
1391,1355,drug_disease,2,negative,direct:mechanism
1392,1355,drug_disease,2,negative,direct:mechanism
1393,39,drug_disease,2,negative,direct:mechanism
1394,39,drug_disease,2,negative,direct:mechanism
1395,1355,drug_disease,2,negative,direct:mechanism
1396,1510,drug_disease,2,negative,direct:mechanism
1397,1355,drug_disease,2,negative,direct:mechanism
1398,1510,drug_disease,2,negative,direct:mechanism
1399,1505,drug_disease,2,negative,direct:mechanism
1400,1640,drug_disease,2,negative,direct:mechanism
1401,1355,drug_disease,2,negative,direct:mechanism
1401,1504,drug_disease,2,negative,direct:mechanism
1401,1503,drug_disease,2,negative,direct:mechanism
1401,1505,drug_disease,2,negative,direct:mechanism
1402,1547,drug_disease,2,negative,direct:mechanism
1403,1355,drug_disease,2,negative,direct:mechanism
1403,1547,drug_disease,2,negative,direct:mechanism
1404,1504,drug_disease,2,negative,direct:mechanism
1405,1355,drug_disease,2,negative,direct:mechanism
1405,1503,drug_disease,2,negative,direct:mechanism
1406,1355,drug_disease,2,negative,direct:mechanism
1407,374,drug_disease,2,negative,direct:mechanism
1408,1639,drug_disease,2,negative,direct:mechanism
1409,1503,drug_disease,2,negative,direct:mechanism
1409,1642,drug_disease,2,negative,direct:mechanism
1409,1547,drug_disease,2,negative,direct:mechanism
1410,1505,drug_disease,2,negative,direct:mechanism
1411,1512,drug_disease,2,negative,direct:mechanism
1412,1510,drug_disease,2,negative,direct:mechanism
1413,1640,drug_disease,2,negative,direct:mechanism
1414,1640,drug_disease,2,negative,direct:mechanism
1415,1355,drug_disease,2,negative,direct:mechanism
1416,1504,drug_disease,2,negative,direct:mechanism
1417,1355,drug_disease,2,negative,direct:mechanism
1418,39,drug_disease,2,negative,direct:mechanism
1419,374,drug_disease,2,negative,direct:mechanism
1420,2043,drug_disease,2,negative,direct:mechanism
1421,39,drug_disease,2,negative,direct:mechanism
1422,39,drug_disease,2,negative,direct:mechanism
1366,346,drug_disease,1,positive,direct:therapeutic
1366,1572,drug_disease,1,positive,direct:therapeutic
1366,2044,drug_disease,1,positive,direct:therapeutic
1366,1523,drug_disease,1,positive,direct:therapeutic
1366,1692,drug_disease,1,positive,direct:therapeutic
1366,1584,drug_disease,1,positive,direct:therapeutic
1366,1622,drug_disease,1,positive,direct:therapeutic
1366,1560,drug_disease,1,positive,direct:therapeutic
1366,2045,drug_disease,1,positive,direct:therapeutic
1366,1537,drug_disease,1,positive,direct:therapeutic
1366,1709,drug_disease,1,positive,direct:therapeutic
1366,1615,drug_disease,1,positive,direct:therapeutic
1366,1723,drug_disease,1,positive,direct:therapeutic
1367,1519,drug_disease,1,positive,direct:therapeutic
1423,1561,drug_disease,1,positive,direct:therapeutic
1424,1669,drug_disease,1,positive,direct:therapeutic
1424,1560,drug_disease,1,positive,direct:therapeutic
1425,1752,drug_disease,1,positive,direct:therapeutic
1425,2046,drug_disease,1,positive,direct:therapeutic
1425,1656,drug_disease,1,positive,direct:therapeutic
1425,1533,drug_disease,1,positive,direct:therapeutic
1425,1635,drug_disease,1,positive,direct:therapeutic
1425,2047,drug_disease,1,positive,direct:therapeutic
1369,967,drug_disease,1,positive,direct:therapeutic
1369,859,drug_disease,1,positive,direct:therapeutic
1369,1668,drug_disease,1,positive,direct:therapeutic
1426,2048,drug_disease,1,positive,direct:therapeutic
1426,1674,drug_disease,1,positive,direct:therapeutic
1426,1775,drug_disease,1,positive,direct:therapeutic
1426,2049,drug_disease,1,positive,direct:therapeutic
1427,1265,drug_disease,1,positive,direct:therapeutic
1427,1514,drug_disease,1,positive,direct:therapeutic
1427,38,drug_disease,1,positive,direct:therapeutic
1427,1623,drug_disease,1,positive,direct:therapeutic
1427,1852,drug_disease,1,positive,direct:therapeutic
1427,1653,drug_disease,1,positive,direct:therapeutic
1427,2050,drug_disease,1,positive,direct:therapeutic
1427,1835,drug_disease,1,positive,direct:therapeutic
1427,1732,drug_disease,1,positive,direct:therapeutic
1427,1877,drug_disease,1,positive,direct:therapeutic
1427,1591,drug_disease,1,positive,direct:therapeutic
1427,1592,drug_disease,1,positive,direct:therapeutic
1427,1702,drug_disease,1,positive,direct:therapeutic
1427,1515,drug_disease,1,positive,direct:therapeutic
1427,1559,drug_disease,1,positive,direct:therapeutic
1427,1584,drug_disease,1,positive,direct:therapeutic
1427,1693,drug_disease,1,positive,direct:therapeutic
1427,1849,drug_disease,1,positive,direct:therapeutic
1427,1594,drug_disease,1,positive,direct:therapeutic
1427,1560,drug_disease,1,positive,direct:therapeutic
1427,1746,drug_disease,1,positive,direct:therapeutic
1428,1904,drug_disease,1,positive,direct:therapeutic
1429,2048,drug_disease,1,positive,direct:therapeutic
1429,2036,drug_disease,1,positive,direct:therapeutic
1430,1992,drug_disease,1,positive,direct:therapeutic
1373,1521,drug_disease,1,positive,direct:therapeutic
1431,1859,drug_disease,1,positive,direct:therapeutic
1432,1600,drug_disease,1,positive,direct:therapeutic
1432,1551,drug_disease,1,positive,direct:therapeutic
1432,1541,drug_disease,1,positive,direct:therapeutic
1432,2051,drug_disease,1,positive,direct:therapeutic
1432,1871,drug_disease,1,positive,direct:therapeutic
1432,1513,drug_disease,1,positive,direct:therapeutic
1432,1945,drug_disease,1,positive,direct:therapeutic
1432,2052,drug_disease,1,positive,direct:therapeutic
1432,1244,drug_disease,1,positive,direct:therapeutic
1433,2005,drug_disease,1,positive,direct:therapeutic
1434,1548,drug_disease,1,positive,direct:therapeutic
1434,1521,drug_disease,1,positive,direct:therapeutic
1435,1815,drug_disease,1,positive,direct:therapeutic
1436,1533,drug_disease,1,positive,direct:therapeutic
1436,1726,drug_disease,1,positive,direct:therapeutic
1437,1519,drug_disease,1,positive,direct:therapeutic
1437,2053,drug_disease,1,positive,direct:therapeutic
1437,2054,drug_disease,1,positive,direct:therapeutic
1437,1596,drug_disease,1,positive,direct:therapeutic
1438,1521,drug_disease,1,positive,direct:therapeutic
1438,1504,drug_disease,1,positive,direct:therapeutic
1439,2055,drug_disease,1,positive,direct:therapeutic
1440,1931,drug_disease,1,positive,direct:therapeutic
1440,1666,drug_disease,1,positive,direct:therapeutic
1440,1932,drug_disease,1,positive,direct:therapeutic
1441,1564,drug_disease,1,positive,direct:therapeutic
1441,1533,drug_disease,1,positive,direct:therapeutic
1442,1503,drug_disease,1,positive,direct:therapeutic
1443,1533,drug_disease,1,positive,direct:therapeutic
1443,1104,drug_disease,1,positive,direct:therapeutic
1389,1580,drug_disease,1,positive,direct:therapeutic
1444,1758,drug_disease,1,positive,direct:therapeutic
1444,1548,drug_disease,1,positive,direct:therapeutic
1444,1829,drug_disease,1,positive,direct:therapeutic
1390,1504,drug_disease,1,positive,direct:therapeutic
1445,605,drug_disease,1,positive,direct:therapeutic
1445,2056,drug_disease,1,positive,direct:therapeutic
1445,2057,drug_disease,1,positive,direct:therapeutic
1401,1758,drug_disease,1,positive,direct:therapeutic
1401,897,drug_disease,1,positive,direct:therapeutic
1401,1871,drug_disease,1,positive,direct:therapeutic
1401,1739,drug_disease,1,positive,direct:therapeutic
1401,1603,drug_disease,1,positive,direct:therapeutic
1401,1384,drug_disease,1,positive,direct:therapeutic
1446,1965,drug_disease,1,positive,direct:therapeutic
1447,2058,drug_disease,1,positive,direct:therapeutic
1447,1580,drug_disease,1,positive,direct:therapeutic
1447,1538,drug_disease,1,positive,direct:therapeutic
1448,1519,drug_disease,1,positive,direct:therapeutic
1448,1655,drug_disease,1,positive,direct:therapeutic
1448,2059,drug_disease,1,positive,direct:therapeutic
1448,1513,drug_disease,1,positive,direct:therapeutic
1449,1696,drug_disease,1,positive,direct:therapeutic
1450,1547,drug_disease,1,positive,direct:therapeutic
1451,2060,drug_disease,1,positive,direct:therapeutic
1452,1562,drug_disease,1,positive,direct:therapeutic
1453,1553,drug_disease,1,positive,direct:therapeutic
1453,1534,drug_disease,1,positive,direct:therapeutic
1410,1515,drug_disease,1,positive,direct:therapeutic
1454,1535,drug_disease,1,positive,direct:therapeutic
1455,1780,drug_disease,1,positive,direct:therapeutic
1456,1521,drug_disease,1,positive,direct:therapeutic
1456,1668,drug_disease,1,positive,direct:therapeutic
1457,1746,drug_disease,1,positive,direct:therapeutic
1458,1532,drug_disease,1,positive,direct:therapeutic
1458,1534,drug_disease,1,positive,direct:therapeutic
1458,1580,drug_disease,1,positive,direct:therapeutic
1459,1558,drug_disease,1,positive,direct:therapeutic
1460,1734,drug_disease,1,positive,direct:therapeutic
1461,2061,drug_disease,1,positive,direct:therapeutic
1462,1638,drug_disease,2,negative,direct:mechanism
27,1504,drug_disease,2,negative,direct:mechanism
1463,1355,drug_disease,2,negative,direct:mechanism
1464,1643,drug_disease,2,negative,direct:mechanism
1465,1503,drug_disease,2,negative,direct:mechanism
1466,1503,drug_disease,2,negative,direct:mechanism
1467,1739,drug_disease,2,negative,direct:mechanism
1468,1355,drug_disease,2,negative,direct:mechanism
1469,1355,drug_disease,2,negative,direct:mechanism
1470,1355,drug_disease,2,negative,direct:mechanism
1471,315,drug_disease,2,negative,direct:mechanism
1472,1506,drug_disease,2,negative,direct:mechanism
34,1508,drug_disease,2,negative,direct:mechanism
34,1638,drug_disease,2,negative,direct:mechanism
1473,1638,drug_disease,2,negative,direct:mechanism
38,1504,drug_disease,2,negative,direct:mechanism
38,315,drug_disease,2,negative,direct:mechanism
35,1610,drug_disease,2,negative,direct:mechanism
35,1355,drug_disease,2,negative,direct:mechanism
35,1503,drug_disease,2,negative,direct:mechanism
35,1507,drug_disease,2,negative,direct:mechanism
35,1547,drug_disease,2,negative,direct:mechanism
1474,1503,drug_disease,2,negative,direct:mechanism
45,1355,drug_disease,2,negative,direct:mechanism
1475,39,drug_disease,2,negative,direct:mechanism
1476,374,drug_disease,2,negative,direct:mechanism
1477,1355,drug_disease,2,negative,direct:mechanism
1478,1503,drug_disease,2,negative,direct:mechanism
1479,1355,drug_disease,2,negative,direct:mechanism
1480,1355,drug_disease,2,negative,direct:mechanism
1481,1355,drug_disease,2,negative,direct:mechanism
1482,374,drug_disease,2,negative,direct:mechanism
1483,1355,drug_disease,2,negative,direct:mechanism
1484,1503,drug_disease,2,negative,direct:mechanism
62,374,drug_disease,2,negative,direct:mechanism
63,1355,drug_disease,2,negative,direct:mechanism
65,1504,drug_disease,2,negative,direct:mechanism
1485,1503,drug_disease,2,negative,direct:mechanism
1486,1355,drug_disease,2,negative,direct:mechanism
1486,2062,drug_disease,2,negative,direct:mechanism
1487,1355,drug_disease,2,negative,direct:mechanism
67,1507,drug_disease,2,negative,direct:mechanism
69,39,drug_disease,2,negative,direct:mechanism
1488,1355,drug_disease,2,negative,direct:mechanism
1489,1507,drug_disease,2,negative,direct:mechanism
1490,1504,drug_disease,2,negative,direct:mechanism
1491,1355,drug_disease,2,negative,direct:mechanism
1492,1507,drug_disease,2,negative,direct:mechanism
1493,1355,drug_disease,2,negative,direct:mechanism
1493,1507,drug_disease,2,negative,direct:mechanism
1494,1504,drug_disease,2,negative,direct:mechanism
1495,1355,drug_disease,2,negative,direct:mechanism
1496,1509,drug_disease,2,negative,direct:mechanism
1497,1503,drug_disease,2,negative,direct:mechanism
1498,1503,drug_disease,2,negative,direct:mechanism
83,1503,drug_disease,2,negative,direct:mechanism
83,1505,drug_disease,2,negative,direct:mechanism
1499,605,drug_disease,2,negative,direct:mechanism
1500,605,drug_disease,2,negative,direct:mechanism
1501,1355,drug_disease,2,negative,direct:mechanism
